chain,pdb_id,rnagym_id,experiment
DP,9f9s,4b4562c8db47,2A3_MaP
DP,9f9s,81f59966f860,2A3_MaP
DP,9f9s,806adc4ab4cf,2A3_MaP
DP,9f9s,a4d65fc1e5a8,2A3_MaP
DP,9f9s,3905b0287827,2A3_MaP
DP,9f9s,9213d6fbfcbd,2A3_MaP
DP,9f9s,067b56aef70b,2A3_MaP
DP,9f9s,900d89a0239d,2A3_MaP
DP,9f9s,6ab478a27359,2A3_MaP
DP,9f9s,5382254f4ef9,2A3_MaP
DP,9f9s,8503132df317,2A3_MaP
DP,9f9s,ee5fa8120ed1,2A3_MaP
DP,9f9s,79e316b734b3,2A3_MaP
DP,9f9s,62d6187494db,2A3_MaP
DP,9f9s,67a532e3fd4d,2A3_MaP
DP,9f9s,ccb6540651e5,2A3_MaP
DP,9f9s,1af6c0587a95,2A3_MaP
DP,9f9s,2e213487ee1c,2A3_MaP
DP,9f9s,ac6a9faea505,2A3_MaP
DP,9f9s,8b5602574246,2A3_MaP
DP,9f9s,36f6efa650a6,2A3_MaP
DP,9f9s,527b2d5a2808,2A3_MaP
DP,9f9s,99822f5ea212,2A3_MaP
DP,9f9s,1d09242a2dd4,2A3_MaP
DP,9f9s,98704621eaa9,2A3_MaP
DP,9f9s,734df0d5a3ff,2A3_MaP
DP,9f9s,69a3190e9850,2A3_MaP
DP,9f9s,30ad692c5a3a,2A3_MaP
DP,9f9s,3544c0a2c219,2A3_MaP
DP,9f9s,fdaa23754320,2A3_MaP
DP,9f9s,e5cce2b0d421,2A3_MaP
DP,9f9s,00f934633f23,2A3_MaP
DP,9f9s,03d2ab5d3d0a,2A3_MaP
DP,9f9s,53816fe10e87,2A3_MaP
DP,9f9s,dac7334be8b3,2A3_MaP
DP,9f9s,b150aa93b360,2A3_MaP
DP,9f9s,85eb2e0b987f,2A3_MaP
DP,9f9s,fb3bd558918b,2A3_MaP
DP,9f9s,0879b5543204,2A3_MaP
DP,9f9s,7de894e90f1c,2A3_MaP
DP,9f9s,b776517628ac,2A3_MaP
DP,9f9s,e2e8753615ca,2A3_MaP
DP,9f9s,4058a780185d,2A3_MaP
DP,9f9s,480c73a04db1,2A3_MaP
DP,9f9s,8351865b7216,2A3_MaP
DP,9f9s,76c50b4e5c38,2A3_MaP
DP,9f9s,e588ed45f05c,2A3_MaP
DP,9f9s,7ea9fb61744e,2A3_MaP
DP,9f9s,078edd222b1c,2A3_MaP
DP,9f9s,c22c2cbd46a7,2A3_MaP
DP,9f9s,51e8d7f87572,2A3_MaP
DP,9f9s,8d98fa320123,2A3_MaP
DP,9f9s,c35118b45b09,2A3_MaP
DP,9f9s,686b48fccb9d,2A3_MaP
DP,9f9s,098efe9cf61b,2A3_MaP
DP,9f9s,5180c7e8b3c8,2A3_MaP
DP,9f9s,c44f1262de27,2A3_MaP
DP,9f9s,de34c6e39169,2A3_MaP
DP,9f9s,d3efbf05adc6,2A3_MaP
DP,9f9s,5a8fa78350a5,2A3_MaP
DP,9f9s,9af2f8856d76,2A3_MaP
DP,9f9s,d0a8619cbacd,2A3_MaP
DP,9f9s,7bbe38a991dc,2A3_MaP
DP,9f9s,ce4d5dd5a217,2A3_MaP
DP,9f9s,bb7dab8d48c7,2A3_MaP
DP,9f9s,2147445d8c73,2A3_MaP
DP,9f9s,37cfd06e378e,2A3_MaP
DP,9f9s,d22858cb5235,2A3_MaP
DP,9f9s,b7914e18f9d5,2A3_MaP
DP,9f9s,d20086eedb33,2A3_MaP
DP,9f9s,ee40a8f0e0b9,2A3_MaP
DP,9f9s,56a6744e3782,2A3_MaP
DP,9f9s,0da358dfcdd5,2A3_MaP
DP,9f9s,2777a8918c94,2A3_MaP
DP,9f9s,d8f41084ff59,2A3_MaP
DP,9f9s,621d1d8045af,2A3_MaP
DP,9f9s,7cdcf696e622,2A3_MaP
DP,9f9s,20d90c31e514,2A3_MaP
DP,9f9s,3efdbfa5a212,2A3_MaP
DP,9f9s,bff1c618415c,2A3_MaP
DP,9f9s,c453c9fc97ee,2A3_MaP
DP,9f9s,9a8f4b37ebd3,2A3_MaP
DP,9f9s,600b925c323f,2A3_MaP
DP,9f9s,84edc61e16a1,2A3_MaP
DP,9f9s,543393ba6d1c,2A3_MaP
DP,9f9s,c10d36fc46f6,2A3_MaP
DP,9f9s,a5daacd65491,2A3_MaP
DP,9f9s,07585f9163ad,2A3_MaP
DP,9f9s,ac44432acbb5,2A3_MaP
DP,9f9s,d1f8ea18193d,2A3_MaP
DP,9f9s,a98bfd6de25c,2A3_MaP
DP,9f9s,833e27389115,2A3_MaP
DP,9f9s,1b575442a235,2A3_MaP
DP,9f9s,c56899ebc26a,2A3_MaP
DP,9f9s,f366ba38733a,2A3_MaP
DP,9f9s,128b25cebf7b,2A3_MaP
DP,9f9s,71a6ee0a791f,2A3_MaP
DP,9f9s,ac61660ada96,2A3_MaP
DP,9f9s,bbba543fa351,2A3_MaP
DP,9f9s,4e0a30722feb,2A3_MaP
DP,9f9s,4c8189658846,2A3_MaP
DP,9f9s,de624cd7406f,2A3_MaP
DP,9f9s,79dad159a08d,2A3_MaP
DP,9f9s,604557c72e85,2A3_MaP
DP,9f9s,e89ead12c6c9,2A3_MaP
DP,9f9s,d2b427ef5b78,2A3_MaP
DP,9f9s,1099eccf94be,2A3_MaP
DP,9f9s,b98ce77fac1a,2A3_MaP
DP,9f9s,aabfd34bf0c1,2A3_MaP
DP,9f9s,d7ed11ea35b8,2A3_MaP
DP,9f9s,5b81994e94f6,2A3_MaP
DP,9f9s,f799b51e90a2,2A3_MaP
DP,9f9s,9737516fac8c,2A3_MaP
DP,9f9s,f2e839642fc4,2A3_MaP
DP,9f9s,d01d6baa265f,2A3_MaP
DP,9f9s,e8ae9115cea7,2A3_MaP
DP,9f9s,de193fb629b3,2A3_MaP
DP,9f9s,8569d72a279f,2A3_MaP
DP,9f9s,4ffd6b568463,2A3_MaP
DP,9f9s,115fbf16cfa9,2A3_MaP
DP,9f9s,25a12a410407,2A3_MaP
DP,9f9s,952617317a52,2A3_MaP
DP,9f9s,b56add948dab,2A3_MaP
DP,9f9s,8051eb45f3a2,2A3_MaP
DP,9f9s,abbb6b6374cd,2A3_MaP
DP,9f9s,f477a614b816,2A3_MaP
DP,9f9s,a03cf70bdad7,2A3_MaP
DP,9f9s,1c17ba3f8117,2A3_MaP
DP,9f9s,5393628cee5b,2A3_MaP
DP,9f9s,4ba83a53a25f,2A3_MaP
DP,9f9s,380e993b5f78,2A3_MaP
DP,9f9s,c88e0c163e5c,2A3_MaP
DP,9f9s,c7f26955fd4e,2A3_MaP
DP,9f9s,dee5f2184336,2A3_MaP
DP,9f9s,84eb28aedca3,2A3_MaP
DP,9f9s,05a87af11bbb,2A3_MaP
DP,9f9s,08fa2805511c,2A3_MaP
DP,9f9s,67f6627e3d4a,2A3_MaP
DP,9f9s,d7a2c8c060ee,2A3_MaP
DP,9f9s,978f067a4111,2A3_MaP
DP,9f9s,319b70933c34,2A3_MaP
DP,9f9s,088113199604,2A3_MaP
DP,9f9s,a860ec790140,2A3_MaP
DP,9f9s,a42a79ab6ebf,2A3_MaP
DP,9f9s,a04f1ca92db1,2A3_MaP
DP,9f9s,eb9115558ac1,2A3_MaP
DP,9f9s,c0f9fe897e4e,2A3_MaP
DP,9f9s,edfceab66685,2A3_MaP
DP,9f9s,3082788ddd9c,2A3_MaP
DP,9f9s,64007b164cbe,2A3_MaP
DP,9f9s,86b8c5e8fe73,2A3_MaP
DP,9f9s,e4b34cf80432,2A3_MaP
DP,9f9s,3db1fba2e4d1,2A3_MaP
DP,9f9s,8b644c5bfff7,2A3_MaP
DP,9f9s,20e48d4cafab,2A3_MaP
DP,9f9s,82538d53b8cf,2A3_MaP
DP,9f9s,b6dd6ce7ef8d,2A3_MaP
DP,9f9s,c46354aa7b02,2A3_MaP
DP,9f9s,692c504e8a29,2A3_MaP
DP,9f9s,a2a4fcc471e8,2A3_MaP
DP,9f9s,6a26979cfe82,2A3_MaP
DP,9f9s,63d6db15bbba,2A3_MaP
DP,9f9s,acbd0099bf16,2A3_MaP
DP,9f9s,bc71aa50fb49,2A3_MaP
DP,9f9s,9fcce898036f,2A3_MaP
DP,9f9s,38d29f041039,2A3_MaP
DP,9f9s,edc6bddb73b5,2A3_MaP
DP,9f9s,a958219771c6,2A3_MaP
DP,9f9s,d5024d681767,2A3_MaP
DP,9f9s,248de9e8c643,2A3_MaP
DP,9f9s,5db8f03398d5,2A3_MaP
DP,9f9s,8b4f5873824f,2A3_MaP
DP,9f9s,60edf30d5e0b,2A3_MaP
DP,9f9s,4d5ea20109c0,2A3_MaP
DP,9f9s,fb5fa55caead,2A3_MaP
DP,9f9s,2a8254400048,2A3_MaP
DP,9f9s,97a4414efdee,2A3_MaP
DP,9f9s,249a0a5dfe28,2A3_MaP
DP,9f9s,3afe85a42a81,2A3_MaP
DP,9f9s,814b7d898fee,2A3_MaP
DP,9f9s,8654433d473b,2A3_MaP
DP,9f9s,39717f36123a,2A3_MaP
DP,9f9s,56376f3048d9,2A3_MaP
DP,9f9s,653ca91a0014,2A3_MaP
DP,9f9s,28f0b105b041,2A3_MaP
DP,9f9s,d8407612ac68,2A3_MaP
DP,9f9s,64f7a151f4f9,2A3_MaP
DP,9f9s,c709e458e15f,2A3_MaP
DP,9f9s,5acb94bf9544,2A3_MaP
DP,9f9s,baa0668f92ce,2A3_MaP
DP,9f9s,7f31376b74ff,2A3_MaP
DP,9f9s,f85bcbe6955e,2A3_MaP
DP,9f9s,58e0195c3eab,2A3_MaP
DP,9f9s,e64603d174a6,2A3_MaP
DP,9f9s,00d1ed1c41cb,2A3_MaP
DP,9f9s,dbc43692519f,2A3_MaP
DP,9f9s,ba4de6e3d38c,2A3_MaP
DP,9f9s,f8449907a0da,2A3_MaP
DP,9f9s,7a64286cc887,2A3_MaP
DP,9f9s,72af1ba78ccc,2A3_MaP
DP,9f9s,136c6086939c,2A3_MaP
DP,9f9s,c56b1021146b,2A3_MaP
DP,9f9s,ed0e27c713ac,2A3_MaP
DP,9f9s,183eda893b9e,2A3_MaP
DP,9f9s,2114cfca40de,2A3_MaP
DP,9f9s,f4f02b695aa6,2A3_MaP
DP,9f9s,47d71625832d,2A3_MaP
DP,9f9s,bfde5ff5b4cf,2A3_MaP
DP,9f9s,a895cc78874f,2A3_MaP
DP,9f9s,f595bd9b567d,2A3_MaP
DP,9f9s,db81df461cd4,2A3_MaP
DP,9f9s,f7e0f3e02a2d,2A3_MaP
DP,9f9s,2a2c1f1165cc,2A3_MaP
DP,9f9s,89d4b94d5675,2A3_MaP
DP,9f9s,a3aea56a9f89,2A3_MaP
DP,9f9s,9ad4969c7d22,2A3_MaP
DP,9f9s,7e3121d898ce,2A3_MaP
DP,9f9s,ca287ee60bc7,2A3_MaP
DP,9f9s,240fe5deb431,2A3_MaP
DP,9f9s,2c32b4eeef6d,2A3_MaP
DP,9f9s,ed5576035a74,2A3_MaP
DP,9f9s,e2041d3e706a,2A3_MaP
DP,9f9s,73602c2130b4,2A3_MaP
DP,9f9s,35a6aec46151,2A3_MaP
DP,9f9s,8cd2540980e8,2A3_MaP
DP,9f9s,d79b6f3f69ab,2A3_MaP
DP,9f9s,1df4ec91c289,2A3_MaP
DP,9f9s,2c3c6b5570e3,2A3_MaP
DP,9f9s,a942e360cb32,2A3_MaP
DP,9f9s,a3921048f105,2A3_MaP
DP,9f9s,36ccfb6d15b0,2A3_MaP
DP,9f9s,b7850377be88,2A3_MaP
DP,9f9s,fb0671a79acc,2A3_MaP
DP,9f9s,612a4d5f9bc9,2A3_MaP
DP,9f9s,29a5cbb503bb,2A3_MaP
DP,9f9s,75f148debfcd,2A3_MaP
DP,9f9s,4171f1df93bd,2A3_MaP
DP,9f9s,bea2c7adf152,2A3_MaP
DP,9f9s,39f943fed7ee,2A3_MaP
DP,9f9s,966df7f0fb12,2A3_MaP
DP,9f9s,6b3c937b8490,2A3_MaP
DP,9f9s,7a36c1c50366,2A3_MaP
DP,9f9s,953d06fd339d,2A3_MaP
DP,9f9s,35df68997c65,2A3_MaP
DP,9f9s,6480e9a9b469,2A3_MaP
DP,9f9s,62db6babee9b,2A3_MaP
DP,9f9s,7935ff3f5f51,2A3_MaP
DP,9f9s,75351f756325,2A3_MaP
DP,9f9s,31dcf442517e,2A3_MaP
DP,9f9s,8ba9339d246f,2A3_MaP
DP,9f9s,48f03a025e13,2A3_MaP
DP,9f9s,36050130eb06,2A3_MaP
DP,9f9s,0b7479b63123,2A3_MaP
DP,9f9s,3e6e40fae81a,2A3_MaP
DP,9f9s,1d31bd25876f,2A3_MaP
DP,9f9s,4549a4a8f3b4,2A3_MaP
DP,9f9s,4fe21272089c,2A3_MaP
DP,9f9s,3d68088641d4,2A3_MaP
DP,9f9s,2c89784e60b3,2A3_MaP
DP,9f9s,9629a1eca416,2A3_MaP
DP,9f9s,f71ba7d0f1f1,2A3_MaP
DP,9f9s,66399b148770,2A3_MaP
DP,9f9s,504fe4f8a789,2A3_MaP
DP,9f9s,243cd68814a4,2A3_MaP
DP,9f9s,5bceb530ae5b,2A3_MaP
DP,9f9s,e5c5cac8ef21,2A3_MaP
DP,9f9s,7db7a87530bf,2A3_MaP
DP,9f9s,56208e3bd29d,2A3_MaP
DP,9f9s,9b9bda65790b,2A3_MaP
DP,9f9s,2f503b3dafec,2A3_MaP
DP,9f9s,74a2595be5c7,2A3_MaP
DP,9f9s,f80f7eb41d52,2A3_MaP
DP,9f9s,2e89cc42350c,2A3_MaP
DP,9f9s,4fd369d50d77,2A3_MaP
DP,9f9s,25fc474f9cb9,2A3_MaP
DP,9f9s,1913082e4dd1,2A3_MaP
DP,9f9s,234fbe75cd55,2A3_MaP
DP,9f9s,26ce9254d65e,2A3_MaP
DP,9f9s,0a001c69d093,2A3_MaP
DP,9f9s,ac630c2b2013,2A3_MaP
DP,9f9s,7c8ffa5780d9,2A3_MaP
DP,9f9s,f66efd73d6ee,2A3_MaP
DP,9f9s,c4fdb7f142c5,2A3_MaP
DP,9f9s,f9dc89f7070d,2A3_MaP
DP,9f9s,ab687d970e4e,2A3_MaP
DP,9f9s,dc9fd0548aca,2A3_MaP
DP,9f9s,25d3da12f99a,2A3_MaP
DP,9f9s,d9fbc0f68771,2A3_MaP
DP,9f9s,c1c7b61761b9,2A3_MaP
DP,9f9s,006df12bf1f4,2A3_MaP
DP,9f9s,24d6c2a5b40c,2A3_MaP
DP,9f9s,cc11a60fee96,2A3_MaP
DP,9f9s,0f13649cffbb,2A3_MaP
DP,9f9s,480f3e64ec67,2A3_MaP
DP,9f9s,cad50d3af011,2A3_MaP
DP,9f9s,4b065b344bf0,2A3_MaP
DP,9f9s,0f1841eb9264,2A3_MaP
DP,9f9s,a96a9e3b0ff2,2A3_MaP
DP,9f9s,5676bca8f032,2A3_MaP
DP,9f9s,dc2b00eb7ed8,2A3_MaP
DP,9f9s,01d18a6d82fe,2A3_MaP
DP,9f9s,ad4a70530aa1,2A3_MaP
DP,9f9s,109eed49464b,2A3_MaP
DP,9f9s,294443f6f9c2,2A3_MaP
DP,9f9s,e6998abc14d9,2A3_MaP
DP,9f9s,e0e36fe1cff2,2A3_MaP
DP,9f9s,017aacff19ec,2A3_MaP
DP,9f9s,638182399953,2A3_MaP
DP,9f9s,70adbab54021,2A3_MaP
DP,9f9s,30f7b837e244,2A3_MaP
DP,9f9s,384ed5332921,2A3_MaP
DP,9f9s,29b70b42145e,2A3_MaP
DP,9f9s,f36817e7eacd,2A3_MaP
DP,9f9s,12ff2dd9b09e,2A3_MaP
DP,9f9s,018360520c07,2A3_MaP
DP,9f9s,f2d105ebf021,2A3_MaP
DP,9f9s,5ac3a6022ea5,2A3_MaP
DP,9f9s,bc766b6d34ff,2A3_MaP
DP,9f9s,f2cbd45f6320,2A3_MaP
DP,9f9s,a90ba2ec16dc,2A3_MaP
DP,9f9s,47119301e180,2A3_MaP
DP,9f9s,60449b30eb9f,2A3_MaP
DP,9f9s,435fb2003d60,2A3_MaP
DP,9f9s,4166aa95bb55,2A3_MaP
DP,9f9s,2de981c333eb,2A3_MaP
DP,9f9s,3ce620996947,2A3_MaP
DP,9f9s,7e116d3b37da,2A3_MaP
DP,9f9s,dcf200198c15,2A3_MaP
DP,9f9s,6beb13287b34,2A3_MaP
DP,9f9s,6daa3c4cc6a1,2A3_MaP
DP,9f9s,012968f85701,2A3_MaP
DP,9f9s,32e1198cd5c8,2A3_MaP
DP,9f9s,9c5363ced7f6,2A3_MaP
DP,9f9s,dc39f51f64a4,2A3_MaP
DP,9f9s,7ddaf7daa81e,2A3_MaP
DP,9f9s,a5c4c7394354,2A3_MaP
DP,9f9s,04133928eacb,2A3_MaP
DP,9f9s,5bf36301df1b,2A3_MaP
DP,9f9s,5b2dcb4639a2,2A3_MaP
DP,9f9s,0c8ea54b5e2b,2A3_MaP
DP,9f9s,18d86c440bd2,2A3_MaP
DP,9f9s,92c70c77d584,2A3_MaP
DP,9f9s,0c340aaf143a,2A3_MaP
DP,9f9s,8fbe5cd71c0c,2A3_MaP
DP,9f9s,0f9cf718dc27,2A3_MaP
DP,9f9s,1ed6039ffb5c,2A3_MaP
DP,9f9s,6fcb6888fb45,2A3_MaP
DP,9f9s,aa1886ad35bb,2A3_MaP
DP,9f9s,312892100724,2A3_MaP
DP,9f9s,47c52a5a830b,2A3_MaP
DP,9f9s,23f4fa04e0f3,2A3_MaP
DP,9f9s,b8a4be0b75e6,2A3_MaP
DP,9f9s,2818cb74de9c,2A3_MaP
DP,9f9s,1ff2811aa77f,2A3_MaP
DP,9f9s,eba2016a5e9c,2A3_MaP
DP,9f9s,5501ca05daa6,2A3_MaP
DP,9f9s,f6f3a59c8c1d,2A3_MaP
DP,9f9s,4233adad307f,2A3_MaP
DP,9f9s,3933ce19b5ed,2A3_MaP
DP,9f9s,915afa4602bb,2A3_MaP
DP,9f9s,dfbd0d1a3fb2,2A3_MaP
DP,9f9s,8f46773bcf27,2A3_MaP
DP,9f9s,a0dcde46b9d4,2A3_MaP
DP,9f9s,b7bdbf79b4f3,2A3_MaP
DP,9f9s,94cc22bcbeb7,2A3_MaP
DP,9f9s,c78535d7c601,2A3_MaP
DP,9f9s,7c4e6bf9565a,2A3_MaP
DP,9f9s,37bfed4a008f,2A3_MaP
DP,9f9s,8a2e9145399a,2A3_MaP
DP,9f9s,e78f0c542609,2A3_MaP
DP,9f9s,8d77fdb45030,2A3_MaP
DP,9f9s,54330c262db2,2A3_MaP
DP,9f9s,213e1a782308,2A3_MaP
DP,9f9s,38a791318ba6,2A3_MaP
DP,9f9s,4e0809100e25,2A3_MaP
DP,9f9s,d071cd0a2eb4,2A3_MaP
DP,9f9s,6ec9b83607e6,2A3_MaP
DP,9f9s,6f133196b5fe,2A3_MaP
DP,9f9s,94e345798b39,2A3_MaP
DP,9f9s,34e1d1493c6c,2A3_MaP
DP,9f9s,4a52a5756a95,2A3_MaP
DP,9f9s,40d97dbc2518,2A3_MaP
DP,9f9s,a761e487e396,2A3_MaP
DP,9f9s,5e1117f27955,2A3_MaP
DP,9f9s,4ea37d1ac7d3,2A3_MaP
DP,9f9s,315744d7f147,2A3_MaP
DP,9f9s,9b49aae19914,2A3_MaP
DP,9f9s,f7432f5e6b68,2A3_MaP
DP,9f9s,a0f2646f8960,2A3_MaP
DP,9f9s,c56d167f36f2,2A3_MaP
DP,9f9s,15f31a11b4f1,2A3_MaP
DP,9f9s,a0402fe1b681,2A3_MaP
DP,9f9s,f43b519b031e,2A3_MaP
DP,9f9s,d0e6dbfa00e6,2A3_MaP
DP,9f9s,19f4018552ed,2A3_MaP
DP,9f9s,22419a25a3d9,2A3_MaP
DP,9f9s,0b69f55ac9ad,2A3_MaP
DP,9f9s,9ad7137e7fa7,2A3_MaP
DP,9f9s,16ca1c1168e4,2A3_MaP
DP,9f9s,d0b3bd05883b,2A3_MaP
DP,9f9s,2293ddf34eaf,2A3_MaP
DP,9f9s,ed442662a0ec,2A3_MaP
DP,9f9s,43c6effed760,2A3_MaP
DP,9f9s,b6a23f5593df,2A3_MaP
DP,9f9s,2db20063f06c,2A3_MaP
DP,9f9s,30ab6d3ab511,2A3_MaP
DP,9f9s,f963445ac078,2A3_MaP
DP,9f9s,0759093eeeaf,2A3_MaP
DP,9f9s,d2887a394c6a,2A3_MaP
DP,9f9s,2102b6744c26,2A3_MaP
DP,9f9s,335f74ba52c2,2A3_MaP
DP,9f9s,18f9bc27157d,2A3_MaP
DP,9f9s,e48a5bedf389,2A3_MaP
DP,9f9s,979910e6b4d7,2A3_MaP
DP,9f9s,1cd2a2f36d0e,2A3_MaP
DP,9f9s,a76a4f1a0402,2A3_MaP
DP,9f9s,4f017f3a84e4,2A3_MaP
DP,9f9s,f7ce887c64ba,2A3_MaP
DP,9f9s,e74481fec45a,2A3_MaP
DP,9f9s,b7dbafe24b7f,2A3_MaP
DP,9f9s,d45419bf54c3,2A3_MaP
DP,9f9s,ef94e88a01b0,2A3_MaP
DP,9f9s,6c5b157a2866,2A3_MaP
DP,9f9s,72197512667d,2A3_MaP
DP,9f9s,6dbd5310a98a,2A3_MaP
DP,9f9s,c8b2bc47b5bb,2A3_MaP
DP,9f9s,55a8610a0fc6,2A3_MaP
DP,9f9s,89ac67ab6fc3,2A3_MaP
DP,9f9s,50ee7136dd43,2A3_MaP
DP,9f9s,95b5e4335d4b,2A3_MaP
DP,9f9s,d8b21cda83ae,2A3_MaP
DP,9f9s,4b4562c8db47,DMS_MaP
DP,9f9s,81f59966f860,DMS_MaP
DP,9f9s,3905b0287827,DMS_MaP
DP,9f9s,067b56aef70b,DMS_MaP
DP,9f9s,900d89a0239d,DMS_MaP
DP,9f9s,6ab478a27359,DMS_MaP
DP,9f9s,8503132df317,DMS_MaP
DP,9f9s,79e316b734b3,DMS_MaP
DP,9f9s,ccb6540651e5,DMS_MaP
DP,9f9s,1af6c0587a95,DMS_MaP
DP,9f9s,2e213487ee1c,DMS_MaP
DP,9f9s,ac6a9faea505,DMS_MaP
DP,9f9s,8b5602574246,DMS_MaP
DP,9f9s,36f6efa650a6,DMS_MaP
DP,9f9s,527b2d5a2808,DMS_MaP
DP,9f9s,99822f5ea212,DMS_MaP
DP,9f9s,1d09242a2dd4,DMS_MaP
DP,9f9s,734df0d5a3ff,DMS_MaP
DP,9f9s,69a3190e9850,DMS_MaP
DP,9f9s,3544c0a2c219,DMS_MaP
DP,9f9s,fdaa23754320,DMS_MaP
DP,9f9s,e5cce2b0d421,DMS_MaP
DP,9f9s,00f934633f23,DMS_MaP
DP,9f9s,03d2ab5d3d0a,DMS_MaP
DP,9f9s,4c17333b7fc4,DMS_MaP
DP,9f9s,dac7334be8b3,DMS_MaP
DP,9f9s,85eb2e0b987f,DMS_MaP
DP,9f9s,fb3bd558918b,DMS_MaP
DP,9f9s,0879b5543204,DMS_MaP
DP,9f9s,e2e8753615ca,DMS_MaP
DP,9f9s,4058a780185d,DMS_MaP
DP,9f9s,480c73a04db1,DMS_MaP
DP,9f9s,8351865b7216,DMS_MaP
DP,9f9s,76c50b4e5c38,DMS_MaP
DP,9f9s,e588ed45f05c,DMS_MaP
DP,9f9s,078edd222b1c,DMS_MaP
DP,9f9s,c22c2cbd46a7,DMS_MaP
DP,9f9s,51e8d7f87572,DMS_MaP
DP,9f9s,c35118b45b09,DMS_MaP
DP,9f9s,686b48fccb9d,DMS_MaP
DP,9f9s,098efe9cf61b,DMS_MaP
DP,9f9s,5180c7e8b3c8,DMS_MaP
DP,9f9s,c228292a5a97,DMS_MaP
DP,9f9s,de34c6e39169,DMS_MaP
DP,9f9s,d3efbf05adc6,DMS_MaP
DP,9f9s,9af2f8856d76,DMS_MaP
DP,9f9s,d0a8619cbacd,DMS_MaP
DP,9f9s,7bbe38a991dc,DMS_MaP
DP,9f9s,2147445d8c73,DMS_MaP
DP,9f9s,37cfd06e378e,DMS_MaP
DP,9f9s,d22858cb5235,DMS_MaP
DP,9f9s,d20086eedb33,DMS_MaP
DP,9f9s,ee40a8f0e0b9,DMS_MaP
DP,9f9s,621d1d8045af,DMS_MaP
DP,9f9s,c453c9fc97ee,DMS_MaP
DP,9f9s,600b925c323f,DMS_MaP
DP,9f9s,84edc61e16a1,DMS_MaP
DP,9f9s,543393ba6d1c,DMS_MaP
DP,9f9s,a5daacd65491,DMS_MaP
DP,9f9s,07585f9163ad,DMS_MaP
DP,9f9s,ac44432acbb5,DMS_MaP
DP,9f9s,a98bfd6de25c,DMS_MaP
DP,9f9s,1b575442a235,DMS_MaP
DP,9f9s,c56899ebc26a,DMS_MaP
DP,9f9s,f366ba38733a,DMS_MaP
DP,9f9s,128b25cebf7b,DMS_MaP
DP,9f9s,bbba543fa351,DMS_MaP
DP,9f9s,4e0a30722feb,DMS_MaP
DP,9f9s,de624cd7406f,DMS_MaP
DP,9f9s,e89ead12c6c9,DMS_MaP
DP,9f9s,1099eccf94be,DMS_MaP
DP,9f9s,aabfd34bf0c1,DMS_MaP
DP,9f9s,d7ed11ea35b8,DMS_MaP
DP,9f9s,f799b51e90a2,DMS_MaP
DP,9f9s,9737516fac8c,DMS_MaP
DP,9f9s,de193fb629b3,DMS_MaP
DP,9f9s,8569d72a279f,DMS_MaP
DP,9f9s,4ffd6b568463,DMS_MaP
DP,9f9s,952617317a52,DMS_MaP
DP,9f9s,b56add948dab,DMS_MaP
DP,9f9s,abbb6b6374cd,DMS_MaP
DP,9f9s,a03cf70bdad7,DMS_MaP
DP,9f9s,1c17ba3f8117,DMS_MaP
DP,9f9s,5393628cee5b,DMS_MaP
DP,9f9s,4ba83a53a25f,DMS_MaP
DP,9f9s,c88e0c163e5c,DMS_MaP
DP,9f9s,c7f26955fd4e,DMS_MaP
DP,9f9s,84eb28aedca3,DMS_MaP
DP,9f9s,05a87af11bbb,DMS_MaP
DP,9f9s,67f6627e3d4a,DMS_MaP
DP,9f9s,978f067a4111,DMS_MaP
DP,9f9s,319b70933c34,DMS_MaP
DP,9f9s,088113199604,DMS_MaP
DP,9f9s,a04f1ca92db1,DMS_MaP
DP,9f9s,eb9115558ac1,DMS_MaP
DP,9f9s,c0f9fe897e4e,DMS_MaP
DP,9f9s,edfceab66685,DMS_MaP
DP,9f9s,3082788ddd9c,DMS_MaP
DP,9f9s,b004d287ffd8,DMS_MaP
DP,9f9s,e4b34cf80432,DMS_MaP
DP,9f9s,8b644c5bfff7,DMS_MaP
DP,9f9s,20e48d4cafab,DMS_MaP
DP,9f9s,82538d53b8cf,DMS_MaP
DP,9f9s,b6dd6ce7ef8d,DMS_MaP
DP,9f9s,a2a4fcc471e8,DMS_MaP
DP,9f9s,63d6db15bbba,DMS_MaP
DP,9f9s,acbd0099bf16,DMS_MaP
DP,9f9s,9fcce898036f,DMS_MaP
DP,9f9s,38d29f041039,DMS_MaP
DP,9f9s,edc6bddb73b5,DMS_MaP
DP,9f9s,a958219771c6,DMS_MaP
DP,9f9s,d5024d681767,DMS_MaP
DP,9f9s,248de9e8c643,DMS_MaP
DP,9f9s,5db8f03398d5,DMS_MaP
DP,9f9s,8b4f5873824f,DMS_MaP
DP,9f9s,60edf30d5e0b,DMS_MaP
DP,9f9s,4d5ea20109c0,DMS_MaP
DP,9f9s,fb5fa55caead,DMS_MaP
DP,9f9s,2a8254400048,DMS_MaP
DP,9f9s,97a4414efdee,DMS_MaP
DP,9f9s,3afe85a42a81,DMS_MaP
DP,9f9s,814b7d898fee,DMS_MaP
DP,9f9s,39717f36123a,DMS_MaP
DP,9f9s,56376f3048d9,DMS_MaP
DP,9f9s,653ca91a0014,DMS_MaP
DP,9f9s,d8407612ac68,DMS_MaP
DP,9f9s,64f7a151f4f9,DMS_MaP
DP,9f9s,58e0195c3eab,DMS_MaP
DP,9f9s,00d1ed1c41cb,DMS_MaP
DP,9f9s,dbc43692519f,DMS_MaP
DP,9f9s,ba4de6e3d38c,DMS_MaP
DP,9f9s,f8449907a0da,DMS_MaP
DP,9f9s,7a64286cc887,DMS_MaP
DP,9f9s,136c6086939c,DMS_MaP
DP,9f9s,c56b1021146b,DMS_MaP
DP,9f9s,ed0e27c713ac,DMS_MaP
DP,9f9s,183eda893b9e,DMS_MaP
DP,9f9s,f4f02b695aa6,DMS_MaP
DP,9f9s,47d71625832d,DMS_MaP
DP,9f9s,a895cc78874f,DMS_MaP
DP,9f9s,f595bd9b567d,DMS_MaP
DP,9f9s,db81df461cd4,DMS_MaP
DP,9f9s,f7e0f3e02a2d,DMS_MaP
DP,9f9s,89d4b94d5675,DMS_MaP
DP,9f9s,a3aea56a9f89,DMS_MaP
DP,9f9s,ca287ee60bc7,DMS_MaP
DP,9f9s,e897a03a6c98,DMS_MaP
DP,9f9s,240fe5deb431,DMS_MaP
DP,9f9s,2c32b4eeef6d,DMS_MaP
DP,9f9s,e2041d3e706a,DMS_MaP
DP,9f9s,73602c2130b4,DMS_MaP
DP,9f9s,8cd2540980e8,DMS_MaP
DP,9f9s,d79b6f3f69ab,DMS_MaP
DP,9f9s,1df4ec91c289,DMS_MaP
DP,9f9s,a942e360cb32,DMS_MaP
DP,9f9s,a3921048f105,DMS_MaP
DP,9f9s,36ccfb6d15b0,DMS_MaP
DP,9f9s,b7850377be88,DMS_MaP
DP,9f9s,fb0671a79acc,DMS_MaP
DP,9f9s,9b6587b4cc99,DMS_MaP
DP,9f9s,612a4d5f9bc9,DMS_MaP
DP,9f9s,75f148debfcd,DMS_MaP
DP,9f9s,4171f1df93bd,DMS_MaP
DP,9f9s,bea2c7adf152,DMS_MaP
DP,9f9s,39f943fed7ee,DMS_MaP
DP,9f9s,966df7f0fb12,DMS_MaP
DP,9f9s,6b3c937b8490,DMS_MaP
DP,9f9s,953d06fd339d,DMS_MaP
DP,9f9s,6480e9a9b469,DMS_MaP
DP,9f9s,7935ff3f5f51,DMS_MaP
DP,9f9s,75351f756325,DMS_MaP
DP,9f9s,48f03a025e13,DMS_MaP
DP,9f9s,36050130eb06,DMS_MaP
DP,9f9s,0b7479b63123,DMS_MaP
DP,9f9s,3e6e40fae81a,DMS_MaP
DP,9f9s,1d31bd25876f,DMS_MaP
DP,9f9s,3d68088641d4,DMS_MaP
DP,9f9s,2c89784e60b3,DMS_MaP
DP,9f9s,9629a1eca416,DMS_MaP
DP,9f9s,f71ba7d0f1f1,DMS_MaP
DP,9f9s,66399b148770,DMS_MaP
DP,9f9s,7db7a87530bf,DMS_MaP
DP,9f9s,56208e3bd29d,DMS_MaP
DP,9f9s,9b9bda65790b,DMS_MaP
DP,9f9s,2f503b3dafec,DMS_MaP
DP,9f9s,74a2595be5c7,DMS_MaP
DP,9f9s,f80f7eb41d52,DMS_MaP
DP,9f9s,2e89cc42350c,DMS_MaP
DP,9f9s,4fd369d50d77,DMS_MaP
DP,9f9s,1913082e4dd1,DMS_MaP
DP,9f9s,234fbe75cd55,DMS_MaP
DP,9f9s,26ce9254d65e,DMS_MaP
DP,9f9s,ac630c2b2013,DMS_MaP
DP,9f9s,f9dc89f7070d,DMS_MaP
DP,9f9s,ab687d970e4e,DMS_MaP
DP,9f9s,f5d5b8a7c546,DMS_MaP
DP,9f9s,d9fbc0f68771,DMS_MaP
DP,9f9s,c1c7b61761b9,DMS_MaP
DP,9f9s,006df12bf1f4,DMS_MaP
DP,9f9s,24d6c2a5b40c,DMS_MaP
DP,9f9s,cc11a60fee96,DMS_MaP
DP,9f9s,0f13649cffbb,DMS_MaP
DP,9f9s,0f1841eb9264,DMS_MaP
DP,9f9s,a96a9e3b0ff2,DMS_MaP
DP,9f9s,5676bca8f032,DMS_MaP
DP,9f9s,dc2b00eb7ed8,DMS_MaP
DP,9f9s,01d18a6d82fe,DMS_MaP
DP,9f9s,ad4a70530aa1,DMS_MaP
DP,9f9s,109eed49464b,DMS_MaP
DP,9f9s,294443f6f9c2,DMS_MaP
DP,9f9s,638182399953,DMS_MaP
DP,9f9s,70adbab54021,DMS_MaP
DP,9f9s,30f7b837e244,DMS_MaP
DP,9f9s,384ed5332921,DMS_MaP
DP,9f9s,29b70b42145e,DMS_MaP
DP,9f9s,f36817e7eacd,DMS_MaP
DP,9f9s,018360520c07,DMS_MaP
DP,9f9s,47119301e180,DMS_MaP
DP,9f9s,60449b30eb9f,DMS_MaP
DP,9f9s,435fb2003d60,DMS_MaP
DP,9f9s,3ce620996947,DMS_MaP
DP,9f9s,7e116d3b37da,DMS_MaP
DP,9f9s,dcf200198c15,DMS_MaP
DP,9f9s,9c5363ced7f6,DMS_MaP
DP,9f9s,7ddaf7daa81e,DMS_MaP
DP,9f9s,a5c4c7394354,DMS_MaP
DP,9f9s,04133928eacb,DMS_MaP
DP,9f9s,5bf36301df1b,DMS_MaP
DP,9f9s,5b2dcb4639a2,DMS_MaP
DP,9f9s,0c8ea54b5e2b,DMS_MaP
DP,9f9s,0c340aaf143a,DMS_MaP
DP,9f9s,8fbe5cd71c0c,DMS_MaP
DP,9f9s,0f9cf718dc27,DMS_MaP
DP,9f9s,1ed6039ffb5c,DMS_MaP
DP,9f9s,6fcb6888fb45,DMS_MaP
DP,9f9s,aa1886ad35bb,DMS_MaP
DP,9f9s,47c52a5a830b,DMS_MaP
DP,9f9s,23f4fa04e0f3,DMS_MaP
DP,9f9s,2818cb74de9c,DMS_MaP
DP,9f9s,1ff2811aa77f,DMS_MaP
DP,9f9s,dfbd0d1a3fb2,DMS_MaP
DP,9f9s,a0dcde46b9d4,DMS_MaP
DP,9f9s,b7bdbf79b4f3,DMS_MaP
DP,9f9s,c78535d7c601,DMS_MaP
DP,9f9s,7c4e6bf9565a,DMS_MaP
DP,9f9s,8a2e9145399a,DMS_MaP
DP,9f9s,e78f0c542609,DMS_MaP
DP,9f9s,8d77fdb45030,DMS_MaP
DP,9f9s,6ec9b83607e6,DMS_MaP
DP,9f9s,6f133196b5fe,DMS_MaP
DP,9f9s,34e1d1493c6c,DMS_MaP
DP,9f9s,40d97dbc2518,DMS_MaP
DP,9f9s,a761e487e396,DMS_MaP
DP,9f9s,5e1117f27955,DMS_MaP
DP,9f9s,9b49aae19914,DMS_MaP
DP,9f9s,f7432f5e6b68,DMS_MaP
DP,9f9s,15f31a11b4f1,DMS_MaP
DP,9f9s,a0402fe1b681,DMS_MaP
DP,9f9s,f43b519b031e,DMS_MaP
DP,9f9s,d0e6dbfa00e6,DMS_MaP
DP,9f9s,19f4018552ed,DMS_MaP
DP,9f9s,22419a25a3d9,DMS_MaP
DP,9f9s,0b69f55ac9ad,DMS_MaP
DP,9f9s,9ad7137e7fa7,DMS_MaP
DP,9f9s,16ca1c1168e4,DMS_MaP
DP,9f9s,d0b3bd05883b,DMS_MaP
DP,9f9s,43c6effed760,DMS_MaP
DP,9f9s,b6a23f5593df,DMS_MaP
DP,9f9s,2db20063f06c,DMS_MaP
DP,9f9s,30ab6d3ab511,DMS_MaP
DP,9f9s,d2887a394c6a,DMS_MaP
DP,9f9s,2102b6744c26,DMS_MaP
DP,9f9s,18f9bc27157d,DMS_MaP
DP,9f9s,e48a5bedf389,DMS_MaP
DP,9f9s,979910e6b4d7,DMS_MaP
DP,9f9s,a76a4f1a0402,DMS_MaP
DP,9f9s,b7dbafe24b7f,DMS_MaP
DP,9f9s,d45419bf54c3,DMS_MaP
DP,9f9s,6c5b157a2866,DMS_MaP
DP,9f9s,6dbd5310a98a,DMS_MaP
DP,9f9s,50ee7136dd43,DMS_MaP
DP,9f9s,95b5e4335d4b,DMS_MaP
DP,9f9s,d8b21cda83ae,DMS_MaP
DP,9f9s,54c2984ecb04,2A3_MaP
DP,9f9s,00f27aca4a09,2A3_MaP
DP,9f9s,8a851b4fa9ff,2A3_MaP
DP,9f9s,75d6ce5fe607,2A3_MaP
DP,9f9s,54c2984ecb04,DMS_MaP
DP,9f9s,00f27aca4a09,DMS_MaP
DP,9f9s,8a851b4fa9ff,DMS_MaP
DP,9f9s,75d6ce5fe607,DMS_MaP
P,5axm,067b56aef70b,2A3_MaP
P,5axm,67a532e3fd4d,2A3_MaP
P,5axm,ccb6540651e5,2A3_MaP
P,5axm,1af6c0587a95,2A3_MaP
P,5axm,2e213487ee1c,2A3_MaP
P,5axm,ac6a9faea505,2A3_MaP
P,5axm,8b5602574246,2A3_MaP
P,5axm,36f6efa650a6,2A3_MaP
P,5axm,527b2d5a2808,2A3_MaP
P,5axm,99822f5ea212,2A3_MaP
P,5axm,1d09242a2dd4,2A3_MaP
P,5axm,98704621eaa9,2A3_MaP
P,5axm,734df0d5a3ff,2A3_MaP
P,5axm,69a3190e9850,2A3_MaP
P,5axm,30ad692c5a3a,2A3_MaP
P,5axm,3544c0a2c219,2A3_MaP
P,5axm,fdaa23754320,2A3_MaP
P,5axm,e5cce2b0d421,2A3_MaP
P,5axm,00f934633f23,2A3_MaP
P,5axm,03d2ab5d3d0a,2A3_MaP
P,5axm,53816fe10e87,2A3_MaP
P,5axm,dac7334be8b3,2A3_MaP
P,5axm,b150aa93b360,2A3_MaP
P,5axm,85eb2e0b987f,2A3_MaP
P,5axm,fb3bd558918b,2A3_MaP
P,5axm,0879b5543204,2A3_MaP
P,5axm,7de894e90f1c,2A3_MaP
P,5axm,b776517628ac,2A3_MaP
P,5axm,e2e8753615ca,2A3_MaP
P,5axm,4058a780185d,2A3_MaP
P,5axm,480c73a04db1,2A3_MaP
P,5axm,8351865b7216,2A3_MaP
P,5axm,76c50b4e5c38,2A3_MaP
P,5axm,e588ed45f05c,2A3_MaP
P,5axm,7ea9fb61744e,2A3_MaP
P,5axm,078edd222b1c,2A3_MaP
P,5axm,c22c2cbd46a7,2A3_MaP
P,5axm,51e8d7f87572,2A3_MaP
P,5axm,8d98fa320123,2A3_MaP
P,5axm,c35118b45b09,2A3_MaP
P,5axm,686b48fccb9d,2A3_MaP
P,5axm,098efe9cf61b,2A3_MaP
P,5axm,5180c7e8b3c8,2A3_MaP
P,5axm,c44f1262de27,2A3_MaP
P,5axm,de34c6e39169,2A3_MaP
P,5axm,d3efbf05adc6,2A3_MaP
P,5axm,5a8fa78350a5,2A3_MaP
P,5axm,9af2f8856d76,2A3_MaP
P,5axm,d0a8619cbacd,2A3_MaP
P,5axm,7bbe38a991dc,2A3_MaP
P,5axm,ce4d5dd5a217,2A3_MaP
P,5axm,bb7dab8d48c7,2A3_MaP
P,5axm,2147445d8c73,2A3_MaP
P,5axm,37cfd06e378e,2A3_MaP
P,5axm,d22858cb5235,2A3_MaP
P,5axm,b7914e18f9d5,2A3_MaP
P,5axm,d20086eedb33,2A3_MaP
P,5axm,ee40a8f0e0b9,2A3_MaP
P,5axm,56a6744e3782,2A3_MaP
P,5axm,0da358dfcdd5,2A3_MaP
P,5axm,2777a8918c94,2A3_MaP
P,5axm,d8f41084ff59,2A3_MaP
P,5axm,621d1d8045af,2A3_MaP
P,5axm,7cdcf696e622,2A3_MaP
P,5axm,20d90c31e514,2A3_MaP
P,5axm,3efdbfa5a212,2A3_MaP
P,5axm,bff1c618415c,2A3_MaP
P,5axm,c453c9fc97ee,2A3_MaP
P,5axm,9a8f4b37ebd3,2A3_MaP
P,5axm,600b925c323f,2A3_MaP
P,5axm,84edc61e16a1,2A3_MaP
P,5axm,543393ba6d1c,2A3_MaP
P,5axm,c10d36fc46f6,2A3_MaP
P,5axm,a5daacd65491,2A3_MaP
P,5axm,07585f9163ad,2A3_MaP
P,5axm,ac44432acbb5,2A3_MaP
P,5axm,d1f8ea18193d,2A3_MaP
P,5axm,a98bfd6de25c,2A3_MaP
P,5axm,833e27389115,2A3_MaP
P,5axm,1b575442a235,2A3_MaP
P,5axm,c56899ebc26a,2A3_MaP
P,5axm,f366ba38733a,2A3_MaP
P,5axm,128b25cebf7b,2A3_MaP
P,5axm,71a6ee0a791f,2A3_MaP
P,5axm,ac61660ada96,2A3_MaP
P,5axm,bbba543fa351,2A3_MaP
P,5axm,4e0a30722feb,2A3_MaP
P,5axm,4c8189658846,2A3_MaP
P,5axm,de624cd7406f,2A3_MaP
P,5axm,79dad159a08d,2A3_MaP
P,5axm,604557c72e85,2A3_MaP
P,5axm,e89ead12c6c9,2A3_MaP
P,5axm,d2b427ef5b78,2A3_MaP
P,5axm,1099eccf94be,2A3_MaP
P,5axm,b98ce77fac1a,2A3_MaP
P,5axm,aabfd34bf0c1,2A3_MaP
P,5axm,d7ed11ea35b8,2A3_MaP
P,5axm,5b81994e94f6,2A3_MaP
P,5axm,f799b51e90a2,2A3_MaP
P,5axm,9737516fac8c,2A3_MaP
P,5axm,f2e839642fc4,2A3_MaP
P,5axm,d01d6baa265f,2A3_MaP
P,5axm,e8ae9115cea7,2A3_MaP
P,5axm,de193fb629b3,2A3_MaP
P,5axm,8569d72a279f,2A3_MaP
P,5axm,4ffd6b568463,2A3_MaP
P,5axm,115fbf16cfa9,2A3_MaP
P,5axm,25a12a410407,2A3_MaP
P,5axm,952617317a52,2A3_MaP
P,5axm,b56add948dab,2A3_MaP
P,5axm,8051eb45f3a2,2A3_MaP
P,5axm,abbb6b6374cd,2A3_MaP
P,5axm,f477a614b816,2A3_MaP
P,5axm,a03cf70bdad7,2A3_MaP
P,5axm,1c17ba3f8117,2A3_MaP
P,5axm,5393628cee5b,2A3_MaP
P,5axm,4ba83a53a25f,2A3_MaP
P,5axm,380e993b5f78,2A3_MaP
P,5axm,c88e0c163e5c,2A3_MaP
P,5axm,c7f26955fd4e,2A3_MaP
P,5axm,dee5f2184336,2A3_MaP
P,5axm,84eb28aedca3,2A3_MaP
P,5axm,05a87af11bbb,2A3_MaP
P,5axm,08fa2805511c,2A3_MaP
P,5axm,67f6627e3d4a,2A3_MaP
P,5axm,d7a2c8c060ee,2A3_MaP
P,5axm,978f067a4111,2A3_MaP
P,5axm,319b70933c34,2A3_MaP
P,5axm,088113199604,2A3_MaP
P,5axm,a860ec790140,2A3_MaP
P,5axm,a42a79ab6ebf,2A3_MaP
P,5axm,a04f1ca92db1,2A3_MaP
P,5axm,eb9115558ac1,2A3_MaP
P,5axm,c0f9fe897e4e,2A3_MaP
P,5axm,edfceab66685,2A3_MaP
P,5axm,3082788ddd9c,2A3_MaP
P,5axm,64007b164cbe,2A3_MaP
P,5axm,86b8c5e8fe73,2A3_MaP
P,5axm,e4b34cf80432,2A3_MaP
P,5axm,3db1fba2e4d1,2A3_MaP
P,5axm,8b644c5bfff7,2A3_MaP
P,5axm,20e48d4cafab,2A3_MaP
P,5axm,82538d53b8cf,2A3_MaP
P,5axm,b6dd6ce7ef8d,2A3_MaP
P,5axm,c46354aa7b02,2A3_MaP
P,5axm,692c504e8a29,2A3_MaP
P,5axm,a2a4fcc471e8,2A3_MaP
P,5axm,6a26979cfe82,2A3_MaP
P,5axm,63d6db15bbba,2A3_MaP
P,5axm,acbd0099bf16,2A3_MaP
P,5axm,bc71aa50fb49,2A3_MaP
P,5axm,9fcce898036f,2A3_MaP
P,5axm,38d29f041039,2A3_MaP
P,5axm,edc6bddb73b5,2A3_MaP
P,5axm,a958219771c6,2A3_MaP
P,5axm,d5024d681767,2A3_MaP
P,5axm,248de9e8c643,2A3_MaP
P,5axm,5db8f03398d5,2A3_MaP
P,5axm,8b4f5873824f,2A3_MaP
P,5axm,60edf30d5e0b,2A3_MaP
P,5axm,4d5ea20109c0,2A3_MaP
P,5axm,fb5fa55caead,2A3_MaP
P,5axm,2a8254400048,2A3_MaP
P,5axm,97a4414efdee,2A3_MaP
P,5axm,249a0a5dfe28,2A3_MaP
P,5axm,3afe85a42a81,2A3_MaP
P,5axm,814b7d898fee,2A3_MaP
P,5axm,8654433d473b,2A3_MaP
P,5axm,39717f36123a,2A3_MaP
P,5axm,56376f3048d9,2A3_MaP
P,5axm,653ca91a0014,2A3_MaP
P,5axm,28f0b105b041,2A3_MaP
P,5axm,d8407612ac68,2A3_MaP
P,5axm,64f7a151f4f9,2A3_MaP
P,5axm,c709e458e15f,2A3_MaP
P,5axm,5acb94bf9544,2A3_MaP
P,5axm,baa0668f92ce,2A3_MaP
P,5axm,7f31376b74ff,2A3_MaP
P,5axm,f85bcbe6955e,2A3_MaP
P,5axm,58e0195c3eab,2A3_MaP
P,5axm,e64603d174a6,2A3_MaP
P,5axm,00d1ed1c41cb,2A3_MaP
P,5axm,dbc43692519f,2A3_MaP
P,5axm,ba4de6e3d38c,2A3_MaP
P,5axm,f8449907a0da,2A3_MaP
P,5axm,7a64286cc887,2A3_MaP
P,5axm,72af1ba78ccc,2A3_MaP
P,5axm,136c6086939c,2A3_MaP
P,5axm,c56b1021146b,2A3_MaP
P,5axm,ed0e27c713ac,2A3_MaP
P,5axm,183eda893b9e,2A3_MaP
P,5axm,2114cfca40de,2A3_MaP
P,5axm,f4f02b695aa6,2A3_MaP
P,5axm,47d71625832d,2A3_MaP
P,5axm,bfde5ff5b4cf,2A3_MaP
P,5axm,a895cc78874f,2A3_MaP
P,5axm,f595bd9b567d,2A3_MaP
P,5axm,db81df461cd4,2A3_MaP
P,5axm,f7e0f3e02a2d,2A3_MaP
P,5axm,2a2c1f1165cc,2A3_MaP
P,5axm,89d4b94d5675,2A3_MaP
P,5axm,a3aea56a9f89,2A3_MaP
P,5axm,9ad4969c7d22,2A3_MaP
P,5axm,7e3121d898ce,2A3_MaP
P,5axm,ca287ee60bc7,2A3_MaP
P,5axm,240fe5deb431,2A3_MaP
P,5axm,2c32b4eeef6d,2A3_MaP
P,5axm,ed5576035a74,2A3_MaP
P,5axm,e2041d3e706a,2A3_MaP
P,5axm,73602c2130b4,2A3_MaP
P,5axm,35a6aec46151,2A3_MaP
P,5axm,8cd2540980e8,2A3_MaP
P,5axm,d79b6f3f69ab,2A3_MaP
P,5axm,1df4ec91c289,2A3_MaP
P,5axm,2c3c6b5570e3,2A3_MaP
P,5axm,a942e360cb32,2A3_MaP
P,5axm,a3921048f105,2A3_MaP
P,5axm,36ccfb6d15b0,2A3_MaP
P,5axm,b7850377be88,2A3_MaP
P,5axm,fb0671a79acc,2A3_MaP
P,5axm,612a4d5f9bc9,2A3_MaP
P,5axm,29a5cbb503bb,2A3_MaP
P,5axm,75f148debfcd,2A3_MaP
P,5axm,4171f1df93bd,2A3_MaP
P,5axm,bea2c7adf152,2A3_MaP
P,5axm,39f943fed7ee,2A3_MaP
P,5axm,966df7f0fb12,2A3_MaP
P,5axm,6b3c937b8490,2A3_MaP
P,5axm,7a36c1c50366,2A3_MaP
P,5axm,953d06fd339d,2A3_MaP
P,5axm,35df68997c65,2A3_MaP
P,5axm,6480e9a9b469,2A3_MaP
P,5axm,62db6babee9b,2A3_MaP
P,5axm,7935ff3f5f51,2A3_MaP
P,5axm,75351f756325,2A3_MaP
P,5axm,31dcf442517e,2A3_MaP
P,5axm,8ba9339d246f,2A3_MaP
P,5axm,48f03a025e13,2A3_MaP
P,5axm,36050130eb06,2A3_MaP
P,5axm,0b7479b63123,2A3_MaP
P,5axm,3e6e40fae81a,2A3_MaP
P,5axm,1d31bd25876f,2A3_MaP
P,5axm,4549a4a8f3b4,2A3_MaP
P,5axm,4fe21272089c,2A3_MaP
P,5axm,3d68088641d4,2A3_MaP
P,5axm,2c89784e60b3,2A3_MaP
P,5axm,9629a1eca416,2A3_MaP
P,5axm,f71ba7d0f1f1,2A3_MaP
P,5axm,66399b148770,2A3_MaP
P,5axm,504fe4f8a789,2A3_MaP
P,5axm,243cd68814a4,2A3_MaP
P,5axm,5bceb530ae5b,2A3_MaP
P,5axm,e5c5cac8ef21,2A3_MaP
P,5axm,7db7a87530bf,2A3_MaP
P,5axm,56208e3bd29d,2A3_MaP
P,5axm,9b9bda65790b,2A3_MaP
P,5axm,2f503b3dafec,2A3_MaP
P,5axm,74a2595be5c7,2A3_MaP
P,5axm,f80f7eb41d52,2A3_MaP
P,5axm,2e89cc42350c,2A3_MaP
P,5axm,4fd369d50d77,2A3_MaP
P,5axm,25fc474f9cb9,2A3_MaP
P,5axm,1913082e4dd1,2A3_MaP
P,5axm,234fbe75cd55,2A3_MaP
P,5axm,26ce9254d65e,2A3_MaP
P,5axm,0a001c69d093,2A3_MaP
P,5axm,ac630c2b2013,2A3_MaP
P,5axm,7c8ffa5780d9,2A3_MaP
P,5axm,f66efd73d6ee,2A3_MaP
P,5axm,c4fdb7f142c5,2A3_MaP
P,5axm,f9dc89f7070d,2A3_MaP
P,5axm,ab687d970e4e,2A3_MaP
P,5axm,dc9fd0548aca,2A3_MaP
P,5axm,25d3da12f99a,2A3_MaP
P,5axm,d9fbc0f68771,2A3_MaP
P,5axm,c1c7b61761b9,2A3_MaP
P,5axm,006df12bf1f4,2A3_MaP
P,5axm,24d6c2a5b40c,2A3_MaP
P,5axm,cc11a60fee96,2A3_MaP
P,5axm,0f13649cffbb,2A3_MaP
P,5axm,480f3e64ec67,2A3_MaP
P,5axm,cad50d3af011,2A3_MaP
P,5axm,4b065b344bf0,2A3_MaP
P,5axm,0f1841eb9264,2A3_MaP
P,5axm,a96a9e3b0ff2,2A3_MaP
P,5axm,5676bca8f032,2A3_MaP
P,5axm,dc2b00eb7ed8,2A3_MaP
P,5axm,01d18a6d82fe,2A3_MaP
P,5axm,ad4a70530aa1,2A3_MaP
P,5axm,109eed49464b,2A3_MaP
P,5axm,294443f6f9c2,2A3_MaP
P,5axm,e6998abc14d9,2A3_MaP
P,5axm,e0e36fe1cff2,2A3_MaP
P,5axm,017aacff19ec,2A3_MaP
P,5axm,638182399953,2A3_MaP
P,5axm,70adbab54021,2A3_MaP
P,5axm,30f7b837e244,2A3_MaP
P,5axm,384ed5332921,2A3_MaP
P,5axm,29b70b42145e,2A3_MaP
P,5axm,f36817e7eacd,2A3_MaP
P,5axm,12ff2dd9b09e,2A3_MaP
P,5axm,018360520c07,2A3_MaP
P,5axm,f2d105ebf021,2A3_MaP
P,5axm,5ac3a6022ea5,2A3_MaP
P,5axm,bc766b6d34ff,2A3_MaP
P,5axm,f2cbd45f6320,2A3_MaP
P,5axm,a90ba2ec16dc,2A3_MaP
P,5axm,47119301e180,2A3_MaP
P,5axm,60449b30eb9f,2A3_MaP
P,5axm,435fb2003d60,2A3_MaP
P,5axm,4166aa95bb55,2A3_MaP
P,5axm,2de981c333eb,2A3_MaP
P,5axm,3ce620996947,2A3_MaP
P,5axm,7e116d3b37da,2A3_MaP
P,5axm,dcf200198c15,2A3_MaP
P,5axm,6beb13287b34,2A3_MaP
P,5axm,6daa3c4cc6a1,2A3_MaP
P,5axm,012968f85701,2A3_MaP
P,5axm,32e1198cd5c8,2A3_MaP
P,5axm,9c5363ced7f6,2A3_MaP
P,5axm,dc39f51f64a4,2A3_MaP
P,5axm,7ddaf7daa81e,2A3_MaP
P,5axm,a5c4c7394354,2A3_MaP
P,5axm,04133928eacb,2A3_MaP
P,5axm,5bf36301df1b,2A3_MaP
P,5axm,5b2dcb4639a2,2A3_MaP
P,5axm,0c8ea54b5e2b,2A3_MaP
P,5axm,18d86c440bd2,2A3_MaP
P,5axm,92c70c77d584,2A3_MaP
P,5axm,0c340aaf143a,2A3_MaP
P,5axm,8fbe5cd71c0c,2A3_MaP
P,5axm,0f9cf718dc27,2A3_MaP
P,5axm,1ed6039ffb5c,2A3_MaP
P,5axm,6fcb6888fb45,2A3_MaP
P,5axm,aa1886ad35bb,2A3_MaP
P,5axm,312892100724,2A3_MaP
P,5axm,47c52a5a830b,2A3_MaP
P,5axm,23f4fa04e0f3,2A3_MaP
P,5axm,b8a4be0b75e6,2A3_MaP
P,5axm,2818cb74de9c,2A3_MaP
P,5axm,1ff2811aa77f,2A3_MaP
P,5axm,eba2016a5e9c,2A3_MaP
P,5axm,5501ca05daa6,2A3_MaP
P,5axm,f6f3a59c8c1d,2A3_MaP
P,5axm,4233adad307f,2A3_MaP
P,5axm,3933ce19b5ed,2A3_MaP
P,5axm,915afa4602bb,2A3_MaP
P,5axm,dfbd0d1a3fb2,2A3_MaP
P,5axm,8f46773bcf27,2A3_MaP
P,5axm,a0dcde46b9d4,2A3_MaP
P,5axm,b7bdbf79b4f3,2A3_MaP
P,5axm,94cc22bcbeb7,2A3_MaP
P,5axm,c78535d7c601,2A3_MaP
P,5axm,7c4e6bf9565a,2A3_MaP
P,5axm,37bfed4a008f,2A3_MaP
P,5axm,8a2e9145399a,2A3_MaP
P,5axm,e78f0c542609,2A3_MaP
P,5axm,8d77fdb45030,2A3_MaP
P,5axm,54330c262db2,2A3_MaP
P,5axm,213e1a782308,2A3_MaP
P,5axm,38a791318ba6,2A3_MaP
P,5axm,4e0809100e25,2A3_MaP
P,5axm,d071cd0a2eb4,2A3_MaP
P,5axm,6ec9b83607e6,2A3_MaP
P,5axm,6f133196b5fe,2A3_MaP
P,5axm,94e345798b39,2A3_MaP
P,5axm,34e1d1493c6c,2A3_MaP
P,5axm,4a52a5756a95,2A3_MaP
P,5axm,40d97dbc2518,2A3_MaP
P,5axm,a761e487e396,2A3_MaP
P,5axm,5e1117f27955,2A3_MaP
P,5axm,4ea37d1ac7d3,2A3_MaP
P,5axm,315744d7f147,2A3_MaP
P,5axm,9b49aae19914,2A3_MaP
P,5axm,f7432f5e6b68,2A3_MaP
P,5axm,a0f2646f8960,2A3_MaP
P,5axm,c56d167f36f2,2A3_MaP
P,5axm,15f31a11b4f1,2A3_MaP
P,5axm,a0402fe1b681,2A3_MaP
P,5axm,f43b519b031e,2A3_MaP
P,5axm,d0e6dbfa00e6,2A3_MaP
P,5axm,19f4018552ed,2A3_MaP
P,5axm,22419a25a3d9,2A3_MaP
P,5axm,0b69f55ac9ad,2A3_MaP
P,5axm,9ad7137e7fa7,2A3_MaP
P,5axm,16ca1c1168e4,2A3_MaP
P,5axm,d0b3bd05883b,2A3_MaP
P,5axm,2293ddf34eaf,2A3_MaP
P,5axm,ed442662a0ec,2A3_MaP
P,5axm,43c6effed760,2A3_MaP
P,5axm,b6a23f5593df,2A3_MaP
P,5axm,2db20063f06c,2A3_MaP
P,5axm,30ab6d3ab511,2A3_MaP
P,5axm,f963445ac078,2A3_MaP
P,5axm,0759093eeeaf,2A3_MaP
P,5axm,d2887a394c6a,2A3_MaP
P,5axm,2102b6744c26,2A3_MaP
P,5axm,335f74ba52c2,2A3_MaP
P,5axm,18f9bc27157d,2A3_MaP
P,5axm,e48a5bedf389,2A3_MaP
P,5axm,979910e6b4d7,2A3_MaP
P,5axm,1cd2a2f36d0e,2A3_MaP
P,5axm,a76a4f1a0402,2A3_MaP
P,5axm,4f017f3a84e4,2A3_MaP
P,5axm,f7ce887c64ba,2A3_MaP
P,5axm,e74481fec45a,2A3_MaP
P,5axm,b7dbafe24b7f,2A3_MaP
P,5axm,d45419bf54c3,2A3_MaP
P,5axm,ef94e88a01b0,2A3_MaP
P,5axm,6c5b157a2866,2A3_MaP
P,5axm,72197512667d,2A3_MaP
P,5axm,6dbd5310a98a,2A3_MaP
P,5axm,c8b2bc47b5bb,2A3_MaP
P,5axm,55a8610a0fc6,2A3_MaP
P,5axm,89ac67ab6fc3,2A3_MaP
P,5axm,50ee7136dd43,2A3_MaP
P,5axm,95b5e4335d4b,2A3_MaP
P,5axm,d8b21cda83ae,2A3_MaP
P,5axm,067b56aef70b,DMS_MaP
P,5axm,ccb6540651e5,DMS_MaP
P,5axm,1af6c0587a95,DMS_MaP
P,5axm,2e213487ee1c,DMS_MaP
P,5axm,ac6a9faea505,DMS_MaP
P,5axm,8b5602574246,DMS_MaP
P,5axm,36f6efa650a6,DMS_MaP
P,5axm,527b2d5a2808,DMS_MaP
P,5axm,99822f5ea212,DMS_MaP
P,5axm,1d09242a2dd4,DMS_MaP
P,5axm,734df0d5a3ff,DMS_MaP
P,5axm,69a3190e9850,DMS_MaP
P,5axm,3544c0a2c219,DMS_MaP
P,5axm,fdaa23754320,DMS_MaP
P,5axm,e5cce2b0d421,DMS_MaP
P,5axm,00f934633f23,DMS_MaP
P,5axm,03d2ab5d3d0a,DMS_MaP
P,5axm,4c17333b7fc4,DMS_MaP
P,5axm,dac7334be8b3,DMS_MaP
P,5axm,85eb2e0b987f,DMS_MaP
P,5axm,fb3bd558918b,DMS_MaP
P,5axm,0879b5543204,DMS_MaP
P,5axm,e2e8753615ca,DMS_MaP
P,5axm,4058a780185d,DMS_MaP
P,5axm,480c73a04db1,DMS_MaP
P,5axm,8351865b7216,DMS_MaP
P,5axm,76c50b4e5c38,DMS_MaP
P,5axm,e588ed45f05c,DMS_MaP
P,5axm,078edd222b1c,DMS_MaP
P,5axm,c22c2cbd46a7,DMS_MaP
P,5axm,51e8d7f87572,DMS_MaP
P,5axm,c35118b45b09,DMS_MaP
P,5axm,686b48fccb9d,DMS_MaP
P,5axm,098efe9cf61b,DMS_MaP
P,5axm,5180c7e8b3c8,DMS_MaP
P,5axm,c228292a5a97,DMS_MaP
P,5axm,de34c6e39169,DMS_MaP
P,5axm,d3efbf05adc6,DMS_MaP
P,5axm,9af2f8856d76,DMS_MaP
P,5axm,d0a8619cbacd,DMS_MaP
P,5axm,7bbe38a991dc,DMS_MaP
P,5axm,2147445d8c73,DMS_MaP
P,5axm,37cfd06e378e,DMS_MaP
P,5axm,d22858cb5235,DMS_MaP
P,5axm,d20086eedb33,DMS_MaP
P,5axm,ee40a8f0e0b9,DMS_MaP
P,5axm,621d1d8045af,DMS_MaP
P,5axm,c453c9fc97ee,DMS_MaP
P,5axm,600b925c323f,DMS_MaP
P,5axm,84edc61e16a1,DMS_MaP
P,5axm,543393ba6d1c,DMS_MaP
P,5axm,a5daacd65491,DMS_MaP
P,5axm,07585f9163ad,DMS_MaP
P,5axm,ac44432acbb5,DMS_MaP
P,5axm,a98bfd6de25c,DMS_MaP
P,5axm,1b575442a235,DMS_MaP
P,5axm,c56899ebc26a,DMS_MaP
P,5axm,f366ba38733a,DMS_MaP
P,5axm,128b25cebf7b,DMS_MaP
P,5axm,bbba543fa351,DMS_MaP
P,5axm,4e0a30722feb,DMS_MaP
P,5axm,de624cd7406f,DMS_MaP
P,5axm,e89ead12c6c9,DMS_MaP
P,5axm,1099eccf94be,DMS_MaP
P,5axm,aabfd34bf0c1,DMS_MaP
P,5axm,d7ed11ea35b8,DMS_MaP
P,5axm,f799b51e90a2,DMS_MaP
P,5axm,9737516fac8c,DMS_MaP
P,5axm,de193fb629b3,DMS_MaP
P,5axm,8569d72a279f,DMS_MaP
P,5axm,4ffd6b568463,DMS_MaP
P,5axm,952617317a52,DMS_MaP
P,5axm,b56add948dab,DMS_MaP
P,5axm,abbb6b6374cd,DMS_MaP
P,5axm,a03cf70bdad7,DMS_MaP
P,5axm,1c17ba3f8117,DMS_MaP
P,5axm,5393628cee5b,DMS_MaP
P,5axm,4ba83a53a25f,DMS_MaP
P,5axm,c88e0c163e5c,DMS_MaP
P,5axm,c7f26955fd4e,DMS_MaP
P,5axm,84eb28aedca3,DMS_MaP
P,5axm,05a87af11bbb,DMS_MaP
P,5axm,67f6627e3d4a,DMS_MaP
P,5axm,978f067a4111,DMS_MaP
P,5axm,319b70933c34,DMS_MaP
P,5axm,088113199604,DMS_MaP
P,5axm,a04f1ca92db1,DMS_MaP
P,5axm,eb9115558ac1,DMS_MaP
P,5axm,c0f9fe897e4e,DMS_MaP
P,5axm,edfceab66685,DMS_MaP
P,5axm,3082788ddd9c,DMS_MaP
P,5axm,b004d287ffd8,DMS_MaP
P,5axm,e4b34cf80432,DMS_MaP
P,5axm,8b644c5bfff7,DMS_MaP
P,5axm,20e48d4cafab,DMS_MaP
P,5axm,82538d53b8cf,DMS_MaP
P,5axm,b6dd6ce7ef8d,DMS_MaP
P,5axm,a2a4fcc471e8,DMS_MaP
P,5axm,63d6db15bbba,DMS_MaP
P,5axm,acbd0099bf16,DMS_MaP
P,5axm,9fcce898036f,DMS_MaP
P,5axm,38d29f041039,DMS_MaP
P,5axm,edc6bddb73b5,DMS_MaP
P,5axm,a958219771c6,DMS_MaP
P,5axm,d5024d681767,DMS_MaP
P,5axm,248de9e8c643,DMS_MaP
P,5axm,5db8f03398d5,DMS_MaP
P,5axm,8b4f5873824f,DMS_MaP
P,5axm,60edf30d5e0b,DMS_MaP
P,5axm,4d5ea20109c0,DMS_MaP
P,5axm,fb5fa55caead,DMS_MaP
P,5axm,2a8254400048,DMS_MaP
P,5axm,97a4414efdee,DMS_MaP
P,5axm,3afe85a42a81,DMS_MaP
P,5axm,814b7d898fee,DMS_MaP
P,5axm,39717f36123a,DMS_MaP
P,5axm,56376f3048d9,DMS_MaP
P,5axm,653ca91a0014,DMS_MaP
P,5axm,d8407612ac68,DMS_MaP
P,5axm,64f7a151f4f9,DMS_MaP
P,5axm,58e0195c3eab,DMS_MaP
P,5axm,00d1ed1c41cb,DMS_MaP
P,5axm,dbc43692519f,DMS_MaP
P,5axm,ba4de6e3d38c,DMS_MaP
P,5axm,f8449907a0da,DMS_MaP
P,5axm,7a64286cc887,DMS_MaP
P,5axm,136c6086939c,DMS_MaP
P,5axm,c56b1021146b,DMS_MaP
P,5axm,ed0e27c713ac,DMS_MaP
P,5axm,183eda893b9e,DMS_MaP
P,5axm,f4f02b695aa6,DMS_MaP
P,5axm,47d71625832d,DMS_MaP
P,5axm,a895cc78874f,DMS_MaP
P,5axm,f595bd9b567d,DMS_MaP
P,5axm,db81df461cd4,DMS_MaP
P,5axm,f7e0f3e02a2d,DMS_MaP
P,5axm,89d4b94d5675,DMS_MaP
P,5axm,a3aea56a9f89,DMS_MaP
P,5axm,ca287ee60bc7,DMS_MaP
P,5axm,e897a03a6c98,DMS_MaP
P,5axm,240fe5deb431,DMS_MaP
P,5axm,2c32b4eeef6d,DMS_MaP
P,5axm,e2041d3e706a,DMS_MaP
P,5axm,73602c2130b4,DMS_MaP
P,5axm,8cd2540980e8,DMS_MaP
P,5axm,d79b6f3f69ab,DMS_MaP
P,5axm,1df4ec91c289,DMS_MaP
P,5axm,a942e360cb32,DMS_MaP
P,5axm,a3921048f105,DMS_MaP
P,5axm,36ccfb6d15b0,DMS_MaP
P,5axm,b7850377be88,DMS_MaP
P,5axm,fb0671a79acc,DMS_MaP
P,5axm,9b6587b4cc99,DMS_MaP
P,5axm,612a4d5f9bc9,DMS_MaP
P,5axm,75f148debfcd,DMS_MaP
P,5axm,4171f1df93bd,DMS_MaP
P,5axm,bea2c7adf152,DMS_MaP
P,5axm,39f943fed7ee,DMS_MaP
P,5axm,966df7f0fb12,DMS_MaP
P,5axm,6b3c937b8490,DMS_MaP
P,5axm,953d06fd339d,DMS_MaP
P,5axm,6480e9a9b469,DMS_MaP
P,5axm,7935ff3f5f51,DMS_MaP
P,5axm,75351f756325,DMS_MaP
P,5axm,48f03a025e13,DMS_MaP
P,5axm,36050130eb06,DMS_MaP
P,5axm,0b7479b63123,DMS_MaP
P,5axm,3e6e40fae81a,DMS_MaP
P,5axm,1d31bd25876f,DMS_MaP
P,5axm,3d68088641d4,DMS_MaP
P,5axm,2c89784e60b3,DMS_MaP
P,5axm,9629a1eca416,DMS_MaP
P,5axm,f71ba7d0f1f1,DMS_MaP
P,5axm,66399b148770,DMS_MaP
P,5axm,7db7a87530bf,DMS_MaP
P,5axm,56208e3bd29d,DMS_MaP
P,5axm,9b9bda65790b,DMS_MaP
P,5axm,2f503b3dafec,DMS_MaP
P,5axm,74a2595be5c7,DMS_MaP
P,5axm,f80f7eb41d52,DMS_MaP
P,5axm,2e89cc42350c,DMS_MaP
P,5axm,4fd369d50d77,DMS_MaP
P,5axm,1913082e4dd1,DMS_MaP
P,5axm,234fbe75cd55,DMS_MaP
P,5axm,26ce9254d65e,DMS_MaP
P,5axm,ac630c2b2013,DMS_MaP
P,5axm,f9dc89f7070d,DMS_MaP
P,5axm,ab687d970e4e,DMS_MaP
P,5axm,f5d5b8a7c546,DMS_MaP
P,5axm,d9fbc0f68771,DMS_MaP
P,5axm,c1c7b61761b9,DMS_MaP
P,5axm,006df12bf1f4,DMS_MaP
P,5axm,24d6c2a5b40c,DMS_MaP
P,5axm,cc11a60fee96,DMS_MaP
P,5axm,0f13649cffbb,DMS_MaP
P,5axm,0f1841eb9264,DMS_MaP
P,5axm,a96a9e3b0ff2,DMS_MaP
P,5axm,5676bca8f032,DMS_MaP
P,5axm,dc2b00eb7ed8,DMS_MaP
P,5axm,01d18a6d82fe,DMS_MaP
P,5axm,ad4a70530aa1,DMS_MaP
P,5axm,109eed49464b,DMS_MaP
P,5axm,294443f6f9c2,DMS_MaP
P,5axm,638182399953,DMS_MaP
P,5axm,70adbab54021,DMS_MaP
P,5axm,30f7b837e244,DMS_MaP
P,5axm,384ed5332921,DMS_MaP
P,5axm,29b70b42145e,DMS_MaP
P,5axm,f36817e7eacd,DMS_MaP
P,5axm,018360520c07,DMS_MaP
P,5axm,47119301e180,DMS_MaP
P,5axm,60449b30eb9f,DMS_MaP
P,5axm,435fb2003d60,DMS_MaP
P,5axm,3ce620996947,DMS_MaP
P,5axm,7e116d3b37da,DMS_MaP
P,5axm,dcf200198c15,DMS_MaP
P,5axm,9c5363ced7f6,DMS_MaP
P,5axm,7ddaf7daa81e,DMS_MaP
P,5axm,a5c4c7394354,DMS_MaP
P,5axm,04133928eacb,DMS_MaP
P,5axm,5bf36301df1b,DMS_MaP
P,5axm,5b2dcb4639a2,DMS_MaP
P,5axm,0c8ea54b5e2b,DMS_MaP
P,5axm,0c340aaf143a,DMS_MaP
P,5axm,8fbe5cd71c0c,DMS_MaP
P,5axm,0f9cf718dc27,DMS_MaP
P,5axm,1ed6039ffb5c,DMS_MaP
P,5axm,6fcb6888fb45,DMS_MaP
P,5axm,aa1886ad35bb,DMS_MaP
P,5axm,47c52a5a830b,DMS_MaP
P,5axm,23f4fa04e0f3,DMS_MaP
P,5axm,2818cb74de9c,DMS_MaP
P,5axm,1ff2811aa77f,DMS_MaP
P,5axm,dfbd0d1a3fb2,DMS_MaP
P,5axm,a0dcde46b9d4,DMS_MaP
P,5axm,b7bdbf79b4f3,DMS_MaP
P,5axm,c78535d7c601,DMS_MaP
P,5axm,7c4e6bf9565a,DMS_MaP
P,5axm,8a2e9145399a,DMS_MaP
P,5axm,e78f0c542609,DMS_MaP
P,5axm,8d77fdb45030,DMS_MaP
P,5axm,6ec9b83607e6,DMS_MaP
P,5axm,6f133196b5fe,DMS_MaP
P,5axm,34e1d1493c6c,DMS_MaP
P,5axm,40d97dbc2518,DMS_MaP
P,5axm,a761e487e396,DMS_MaP
P,5axm,5e1117f27955,DMS_MaP
P,5axm,9b49aae19914,DMS_MaP
P,5axm,f7432f5e6b68,DMS_MaP
P,5axm,15f31a11b4f1,DMS_MaP
P,5axm,a0402fe1b681,DMS_MaP
P,5axm,f43b519b031e,DMS_MaP
P,5axm,d0e6dbfa00e6,DMS_MaP
P,5axm,19f4018552ed,DMS_MaP
P,5axm,22419a25a3d9,DMS_MaP
P,5axm,0b69f55ac9ad,DMS_MaP
P,5axm,9ad7137e7fa7,DMS_MaP
P,5axm,16ca1c1168e4,DMS_MaP
P,5axm,d0b3bd05883b,DMS_MaP
P,5axm,43c6effed760,DMS_MaP
P,5axm,b6a23f5593df,DMS_MaP
P,5axm,2db20063f06c,DMS_MaP
P,5axm,30ab6d3ab511,DMS_MaP
P,5axm,d2887a394c6a,DMS_MaP
P,5axm,2102b6744c26,DMS_MaP
P,5axm,18f9bc27157d,DMS_MaP
P,5axm,e48a5bedf389,DMS_MaP
P,5axm,979910e6b4d7,DMS_MaP
P,5axm,a76a4f1a0402,DMS_MaP
P,5axm,b7dbafe24b7f,DMS_MaP
P,5axm,d45419bf54c3,DMS_MaP
P,5axm,6c5b157a2866,DMS_MaP
P,5axm,6dbd5310a98a,DMS_MaP
P,5axm,50ee7136dd43,DMS_MaP
P,5axm,95b5e4335d4b,DMS_MaP
P,5axm,d8b21cda83ae,DMS_MaP
P,5axm,54c2984ecb04,2A3_MaP
P,5axm,00f27aca4a09,2A3_MaP
P,5axm,8a851b4fa9ff,2A3_MaP
P,5axm,75d6ce5fe607,2A3_MaP
P,5axm,54c2984ecb04,DMS_MaP
P,5axm,00f27aca4a09,DMS_MaP
P,5axm,8a851b4fa9ff,DMS_MaP
P,5axm,75d6ce5fe607,DMS_MaP
A,7mky,b581dc95b393,2A3_MaP
A,7mky,0509036e6446,2A3_MaP
A,7mky,39bee0841522,2A3_MaP
A,7mky,621a76c5e34f,2A3_MaP
A,7mky,ec09a1f15a23,2A3_MaP
A,7mky,7ee63dd21d4b,2A3_MaP
A,7mky,1182935ff1b0,2A3_MaP
A,7mky,26b67bb35e8b,2A3_MaP
A,7mky,bda53d4b0db7,2A3_MaP
A,7mky,73a4a1f6becb,2A3_MaP
A,7mky,b581dc95b393,DMS_MaP
A,7mky,0509036e6446,DMS_MaP
A,7mky,39bee0841522,DMS_MaP
A,7mky,621a76c5e34f,DMS_MaP
A,7mky,ec09a1f15a23,DMS_MaP
A,7mky,7ee63dd21d4b,DMS_MaP
A,7mky,26b67bb35e8b,DMS_MaP
A,7mky,bda53d4b0db7,DMS_MaP
A,7mky,73a4a1f6becb,DMS_MaP
A,7mky,1f32a1eac72e,2A3_MaP
A,7mky,dfa65694fcbb,2A3_MaP
A,7mky,a9db9d12c77a,2A3_MaP
A,7mky,8fc30f477798,2A3_MaP
A,7mky,7933986e04e0,2A3_MaP
A,7mky,666619f085dd,2A3_MaP
A,7mky,5050f3127822,2A3_MaP
A,7mky,28a270451a43,2A3_MaP
A,7mky,23e9cb462630,2A3_MaP
A,7mky,75260c798f12,2A3_MaP
A,7mky,1f32a1eac72e,DMS_MaP
A,7mky,dfa65694fcbb,DMS_MaP
A,7mky,a9db9d12c77a,DMS_MaP
A,7mky,8fc30f477798,DMS_MaP
A,7mky,7933986e04e0,DMS_MaP
A,7mky,28a270451a43,DMS_MaP
A,7mky,23e9cb462630,DMS_MaP
A,7mky,75260c798f12,DMS_MaP
A,7mky,2a4f1e59a554,2A3_MaP
A,7mky,de1c0455900d,2A3_MaP
A,7mky,bd7e6eb1f190,2A3_MaP
A,7mky,0a19c137f416,2A3_MaP
A,7mky,8542f70971f3,2A3_MaP
A,7mky,6fb19005aab3,2A3_MaP
A,7mky,f5a8e33f506e,2A3_MaP
A,7mky,2985e7af1114,2A3_MaP
A,7mky,5a28eb37b425,2A3_MaP
A,7mky,e98461981861,2A3_MaP
A,7mky,cac13ea556b9,2A3_MaP
A,7mky,594de6df47dd,2A3_MaP
A,7mky,d474fa2fe7be,2A3_MaP
A,7mky,de1c0455900d,DMS_MaP
A,7mky,bd7e6eb1f190,DMS_MaP
A,7mky,0a19c137f416,DMS_MaP
A,7mky,8542f70971f3,DMS_MaP
A,7mky,6fb19005aab3,DMS_MaP
A,7mky,2985e7af1114,DMS_MaP
A,7mky,5a28eb37b425,DMS_MaP
A,7mky,e98461981861,DMS_MaP
A,7mky,cac13ea556b9,DMS_MaP
A,7mky,594de6df47dd,DMS_MaP
A,7mky,e051fd444550,2A3_MaP
A,7mky,515e3b9fad31,2A3_MaP
A,7mky,61f86087d526,2A3_MaP
A,7mky,8b1793124895,2A3_MaP
A,7mky,1168764f79db,2A3_MaP
A,7mky,e051fd444550,DMS_MaP
A,7mky,f662b23bb832,DMS_MaP
A,7mky,e9616ef0b95a,DMS_MaP
A,7mky,61f86087d526,DMS_MaP
A,7mky,8b1793124895,DMS_MaP
A,7mky,1168764f79db,DMS_MaP
A,7mky,c0bd48d19c3b,2A3_MaP
A,7mky,519e5ec20b85,2A3_MaP
A,7mky,de89a8d739b0,2A3_MaP
A,7mky,bf85818a804f,2A3_MaP
A,7mky,2db54c978086,2A3_MaP
A,7mky,c0bd48d19c3b,DMS_MaP
A,7mky,519e5ec20b85,DMS_MaP
A,7mky,de89a8d739b0,DMS_MaP
A,7mky,4d61ab852221,DMS_MaP
A,7mky,bf85818a804f,DMS_MaP
A,7mky,5d3b269ee560,DMS_MaP
A,7mky,2db54c978086,DMS_MaP
A,7mky,f99872da8795,DMS_MaP
A,7mky,6243581e5889,2A3_MaP
A,7mky,f57b379eeb41,2A3_MaP
A,7mky,b5b1601d94f2,2A3_MaP
A,7mky,a5795afc6c29,2A3_MaP
A,7mky,af85482ccf50,2A3_MaP
A,7mky,98ed35d70213,2A3_MaP
A,7mky,9a9fb43a76d7,2A3_MaP
A,7mky,a7f396de7262,2A3_MaP
A,7mky,9db28188c2bc,2A3_MaP
A,7mky,d816957b8539,2A3_MaP
A,7mky,0aa16a344245,2A3_MaP
A,7mky,20512c089ef1,2A3_MaP
A,7mky,523edea58a7c,2A3_MaP
A,7mky,6192c3055fcb,2A3_MaP
A,7mky,c508258c8dec,2A3_MaP
A,7mky,651ad2a70e77,2A3_MaP
A,7mky,0db77274b9b3,2A3_MaP
A,7mky,f766bf6aec94,2A3_MaP
A,7mky,a068325feef3,2A3_MaP
A,7mky,8fd54049f690,2A3_MaP
A,7mky,75b70fedd1f9,2A3_MaP
A,7mky,e0d73ad87142,2A3_MaP
A,7mky,38decf2e85d9,2A3_MaP
A,7mky,bcad5bf54f27,2A3_MaP
A,7mky,75ceffc8176b,2A3_MaP
A,7mky,f2d2115b1638,2A3_MaP
A,7mky,08e68e180986,2A3_MaP
A,7mky,4c4ff9243c85,2A3_MaP
A,7mky,51c6a3a5e4fe,2A3_MaP
A,7mky,20f9bf917e2c,2A3_MaP
A,7mky,2cac44966667,2A3_MaP
A,7mky,7c6d580917be,2A3_MaP
A,7mky,d430078d40c6,2A3_MaP
A,7mky,c6a0bece7083,2A3_MaP
A,7mky,65b899ced61b,2A3_MaP
A,7mky,7488fb9a856e,2A3_MaP
A,7mky,c290bb453bbb,2A3_MaP
A,7mky,57bcccefa395,2A3_MaP
A,7mky,07d6bbef38a1,2A3_MaP
A,7mky,bb9eee681b9f,2A3_MaP
A,7mky,3f4b4f53a262,2A3_MaP
A,7mky,0cc0bfa4c456,2A3_MaP
A,7mky,cd71caf9b5a8,2A3_MaP
A,7mky,2b364ac04c97,2A3_MaP
A,7mky,a200178e3dae,2A3_MaP
A,7mky,de7c7cd82a87,2A3_MaP
A,7mky,879664040804,2A3_MaP
A,7mky,3f647eb9f07a,2A3_MaP
A,7mky,957948535414,2A3_MaP
A,7mky,5c3d9acb008d,2A3_MaP
A,7mky,14f0d6a30ddc,2A3_MaP
A,7mky,9dfed8b0202f,2A3_MaP
A,7mky,2f67f70223db,2A3_MaP
A,7mky,f0dae7b3c1ac,2A3_MaP
A,7mky,178c35146d9a,2A3_MaP
A,7mky,036eb6b002ac,2A3_MaP
A,7mky,04cc7866acab,2A3_MaP
A,7mky,36c8139d9d61,2A3_MaP
A,7mky,d1ca4020ae2e,2A3_MaP
A,7mky,cbc0a792b923,2A3_MaP
A,7mky,e3d172e59c88,2A3_MaP
A,7mky,7076604a6cdb,2A3_MaP
A,7mky,7d6a60219243,2A3_MaP
A,7mky,4517daf330f4,2A3_MaP
A,7mky,7323550305aa,2A3_MaP
A,7mky,529ee8436650,2A3_MaP
A,7mky,e977ec3b48cd,2A3_MaP
A,7mky,cc3b086d8b3e,2A3_MaP
A,7mky,94ff05fa5adf,2A3_MaP
A,7mky,f8651e533393,2A3_MaP
A,7mky,ebf5efcc48d9,2A3_MaP
A,7mky,750c7de0ca76,2A3_MaP
A,7mky,2144bd480717,2A3_MaP
A,7mky,00d1a51ac800,2A3_MaP
A,7mky,57b001fe2e9b,2A3_MaP
A,7mky,aa68623a8335,DMS_MaP
A,7mky,e5a2b11d8c63,DMS_MaP
A,7mky,6243581e5889,DMS_MaP
A,7mky,5145813fefdd,DMS_MaP
A,7mky,04bd7b72e621,DMS_MaP
A,7mky,f57b379eeb41,DMS_MaP
A,7mky,b5b1601d94f2,DMS_MaP
A,7mky,a5795afc6c29,DMS_MaP
A,7mky,7229dfea5882,DMS_MaP
A,7mky,a1d3e1a099b9,DMS_MaP
A,7mky,8a8883eb4a2a,DMS_MaP
A,7mky,94040fafac40,DMS_MaP
A,7mky,eac2431c7800,DMS_MaP
A,7mky,af85482ccf50,DMS_MaP
A,7mky,eddfdd2ff60a,DMS_MaP
A,7mky,a78aa65025ef,DMS_MaP
A,7mky,0c1dd8a73808,DMS_MaP
A,7mky,98ed35d70213,DMS_MaP
A,7mky,9a9fb43a76d7,DMS_MaP
A,7mky,a7f396de7262,DMS_MaP
A,7mky,da8bbb4e77b4,DMS_MaP
A,7mky,9db28188c2bc,DMS_MaP
A,7mky,69b17aa9eda1,DMS_MaP
A,7mky,d816957b8539,DMS_MaP
A,7mky,13f2d2211170,DMS_MaP
A,7mky,0aa16a344245,DMS_MaP
A,7mky,4626a8f0939b,DMS_MaP
A,7mky,a3b50d7dc94d,DMS_MaP
A,7mky,20512c089ef1,DMS_MaP
A,7mky,b0001fc47c13,DMS_MaP
A,7mky,523edea58a7c,DMS_MaP
A,7mky,6192c3055fcb,DMS_MaP
A,7mky,c508258c8dec,DMS_MaP
A,7mky,651ad2a70e77,DMS_MaP
A,7mky,0db77274b9b3,DMS_MaP
A,7mky,f766bf6aec94,DMS_MaP
A,7mky,7e1f2f312263,DMS_MaP
A,7mky,a068325feef3,DMS_MaP
A,7mky,8fd54049f690,DMS_MaP
A,7mky,1750063f9ec3,DMS_MaP
A,7mky,75b70fedd1f9,DMS_MaP
A,7mky,261462e1e4ad,DMS_MaP
A,7mky,e0d73ad87142,DMS_MaP
A,7mky,38decf2e85d9,DMS_MaP
A,7mky,bcad5bf54f27,DMS_MaP
A,7mky,75ceffc8176b,DMS_MaP
A,7mky,f2d2115b1638,DMS_MaP
A,7mky,79640bfa9fe4,DMS_MaP
A,7mky,08e68e180986,DMS_MaP
A,7mky,62149fdc635e,DMS_MaP
A,7mky,4c4ff9243c85,DMS_MaP
A,7mky,51c6a3a5e4fe,DMS_MaP
A,7mky,20f9bf917e2c,DMS_MaP
A,7mky,2cac44966667,DMS_MaP
A,7mky,7c6d580917be,DMS_MaP
A,7mky,d430078d40c6,DMS_MaP
A,7mky,931bb10f87f5,DMS_MaP
A,7mky,c6a0bece7083,DMS_MaP
A,7mky,65b899ced61b,DMS_MaP
A,7mky,d03516a7e82e,DMS_MaP
A,7mky,7488fb9a856e,DMS_MaP
A,7mky,c502ec9db944,DMS_MaP
A,7mky,c290bb453bbb,DMS_MaP
A,7mky,57bcccefa395,DMS_MaP
A,7mky,d99caaf9c149,DMS_MaP
A,7mky,07d6bbef38a1,DMS_MaP
A,7mky,5f91935477dc,DMS_MaP
A,7mky,ac4c3889b595,DMS_MaP
A,7mky,bb9eee681b9f,DMS_MaP
A,7mky,950e03ad211f,DMS_MaP
A,7mky,582c36f03a94,DMS_MaP
A,7mky,450987dbc8d5,DMS_MaP
A,7mky,d15c54e3e86e,DMS_MaP
A,7mky,3f43a27f7081,DMS_MaP
A,7mky,3f4b4f53a262,DMS_MaP
A,7mky,0cc0bfa4c456,DMS_MaP
A,7mky,cd71caf9b5a8,DMS_MaP
A,7mky,a7d8b4f69844,DMS_MaP
A,7mky,cbcf880521e3,DMS_MaP
A,7mky,2b364ac04c97,DMS_MaP
A,7mky,c413ea3cba73,DMS_MaP
A,7mky,0a1b9e40b676,DMS_MaP
A,7mky,3be5e54f55f3,DMS_MaP
A,7mky,a200178e3dae,DMS_MaP
A,7mky,de7c7cd82a87,DMS_MaP
A,7mky,879664040804,DMS_MaP
A,7mky,165ddf085065,DMS_MaP
A,7mky,3f647eb9f07a,DMS_MaP
A,7mky,957948535414,DMS_MaP
A,7mky,bbdd795eb2c4,DMS_MaP
A,7mky,8b0f7ba786bc,DMS_MaP
A,7mky,22083d1b9f74,DMS_MaP
A,7mky,cacc7e5c7087,DMS_MaP
A,7mky,5c3d9acb008d,DMS_MaP
A,7mky,14f0d6a30ddc,DMS_MaP
A,7mky,2dc6ba8d01b6,DMS_MaP
A,7mky,9dfed8b0202f,DMS_MaP
A,7mky,8d682ba6377f,DMS_MaP
A,7mky,1b3d1bdc02c9,DMS_MaP
A,7mky,6bfc1ee3bd26,DMS_MaP
A,7mky,02fb643e3609,DMS_MaP
A,7mky,2f67f70223db,DMS_MaP
A,7mky,3081590090a2,DMS_MaP
A,7mky,a88a54620e68,DMS_MaP
A,7mky,d115158fc896,DMS_MaP
A,7mky,f0dae7b3c1ac,DMS_MaP
A,7mky,1dcab4a83692,DMS_MaP
A,7mky,6bcdd0f010f9,DMS_MaP
A,7mky,2317000e8670,DMS_MaP
A,7mky,178c35146d9a,DMS_MaP
A,7mky,036eb6b002ac,DMS_MaP
A,7mky,ee9aab454dcd,DMS_MaP
A,7mky,04cc7866acab,DMS_MaP
A,7mky,1f2df474a1c9,DMS_MaP
A,7mky,36c8139d9d61,DMS_MaP
A,7mky,21cdcc719e84,DMS_MaP
A,7mky,5302b158d299,DMS_MaP
A,7mky,d1ca4020ae2e,DMS_MaP
A,7mky,cbc0a792b923,DMS_MaP
A,7mky,e3d172e59c88,DMS_MaP
A,7mky,7076604a6cdb,DMS_MaP
A,7mky,7d6a60219243,DMS_MaP
A,7mky,4517daf330f4,DMS_MaP
A,7mky,c44fe2d24103,DMS_MaP
A,7mky,7323550305aa,DMS_MaP
A,7mky,529ee8436650,DMS_MaP
A,7mky,e977ec3b48cd,DMS_MaP
A,7mky,cc3b086d8b3e,DMS_MaP
A,7mky,94ff05fa5adf,DMS_MaP
A,7mky,456de9ecb854,DMS_MaP
A,7mky,f8651e533393,DMS_MaP
A,7mky,7fa63da425bb,DMS_MaP
A,7mky,ebf5efcc48d9,DMS_MaP
A,7mky,750c7de0ca76,DMS_MaP
A,7mky,2144bd480717,DMS_MaP
A,7mky,00d1a51ac800,DMS_MaP
A,7mky,57b001fe2e9b,DMS_MaP
A,7mky,55c64feb19ef,2A3_MaP
A,7mky,480a57bf51a8,2A3_MaP
A,7mky,23f5d92e8cb8,2A3_MaP
A,7mky,55c64feb19ef,DMS_MaP
A,7mky,6764035c4821,2A3_MaP
A,7mky,f81a1d7aa0de,2A3_MaP
A,7mky,49e7ddb13b9e,2A3_MaP
A,7mky,30eefb530ed1,2A3_MaP
A,7mky,471258c903fb,2A3_MaP
A,7mky,ce366a724db1,2A3_MaP
A,7mky,d4932725593d,2A3_MaP
A,7mky,c25770d34520,2A3_MaP
A,7mky,64d9702e068d,2A3_MaP
A,7mky,b518e8862b03,2A3_MaP
A,7mky,b2ef51189002,2A3_MaP
A,7mky,752d6ce76267,2A3_MaP
A,7mky,3b30c16c01a8,2A3_MaP
A,7mky,ceedc543e945,2A3_MaP
A,7mky,2396f70e7819,2A3_MaP
A,7mky,70f646eccd31,2A3_MaP
A,7mky,a29c48fec256,2A3_MaP
A,7mky,eca49d181ee3,2A3_MaP
A,7mky,3c6ba17ceb8b,2A3_MaP
A,7mky,01379df66e2c,2A3_MaP
A,7mky,78ff06ceef07,2A3_MaP
A,7mky,8b02c41afd40,2A3_MaP
A,7mky,d1d89ff3dcd9,2A3_MaP
A,7mky,5599b1bd00ca,2A3_MaP
A,7mky,85bdb75af91a,2A3_MaP
A,7mky,b7c3fd5bc741,2A3_MaP
A,7mky,8671d14d87d0,2A3_MaP
A,7mky,f97d290cc2db,2A3_MaP
A,7mky,355efea17272,2A3_MaP
A,7mky,9b62ee0c3733,2A3_MaP
A,7mky,25dd5bd3336b,2A3_MaP
A,7mky,ce2c57743440,2A3_MaP
A,7mky,91d7d16c3440,2A3_MaP
A,7mky,da828c6e9fbc,2A3_MaP
A,7mky,c3c2502a9fd7,2A3_MaP
A,7mky,88f2d5f62268,2A3_MaP
A,7mky,22c4ee49b467,2A3_MaP
A,7mky,a944858dafcb,2A3_MaP
A,7mky,a82460cffeb7,2A3_MaP
A,7mky,2d5f117a4035,2A3_MaP
A,7mky,564b8f58216e,2A3_MaP
A,7mky,d797a0e5d6cb,2A3_MaP
A,7mky,9eda3706b6f3,2A3_MaP
A,7mky,0e18c00ec9bb,2A3_MaP
A,7mky,d2cc6dd802b7,2A3_MaP
A,7mky,5665dd9a71bc,2A3_MaP
A,7mky,3741d4ac2816,2A3_MaP
A,7mky,078e9997f061,2A3_MaP
A,7mky,bfabc21d3c2b,2A3_MaP
A,7mky,01d84c3e3a67,2A3_MaP
A,7mky,5ecde4c40815,2A3_MaP
A,7mky,92491ac4e77a,2A3_MaP
A,7mky,5a1b96932094,2A3_MaP
A,7mky,28ccb1d31447,2A3_MaP
A,7mky,e5445399a1b4,2A3_MaP
A,7mky,4012d5afe215,2A3_MaP
A,7mky,0252e11c5caa,2A3_MaP
A,7mky,854ecb38f3ed,2A3_MaP
A,7mky,35325b5dc534,2A3_MaP
A,7mky,991dd974eb36,2A3_MaP
A,7mky,bc07bed81c73,2A3_MaP
A,7mky,c9d12b50d4b5,2A3_MaP
A,7mky,b9ccf3c37b53,2A3_MaP
A,7mky,acc82100597d,2A3_MaP
A,7mky,29a102ade52e,2A3_MaP
A,7mky,4478eb93457c,2A3_MaP
A,7mky,1e7d3d32d513,2A3_MaP
A,7mky,c90cbe2eff36,2A3_MaP
A,7mky,e36cfa42e5bb,2A3_MaP
A,7mky,c32e3f683c4b,2A3_MaP
A,7mky,080d676a7c32,2A3_MaP
A,7mky,aa60e379f209,2A3_MaP
A,7mky,852cdfd53022,2A3_MaP
A,7mky,f60025b3b37d,2A3_MaP
A,7mky,98bf3cd449df,2A3_MaP
A,7mky,c7d30e9a9f5b,2A3_MaP
A,7mky,b8a56b1d0197,2A3_MaP
A,7mky,3fde70c196a3,2A3_MaP
A,7mky,7dd6e086c148,2A3_MaP
A,7mky,b072f11e5a2d,2A3_MaP
A,7mky,6396fabccb99,2A3_MaP
A,7mky,cd6da855e0eb,2A3_MaP
A,7mky,8dea791967e2,2A3_MaP
A,7mky,49e7ddb13b9e,DMS_MaP
A,7mky,471258c903fb,DMS_MaP
A,7mky,d4932725593d,DMS_MaP
A,7mky,64d9702e068d,DMS_MaP
A,7mky,b2ef51189002,DMS_MaP
A,7mky,752d6ce76267,DMS_MaP
A,7mky,3b30c16c01a8,DMS_MaP
A,7mky,ceedc543e945,DMS_MaP
A,7mky,70f646eccd31,DMS_MaP
A,7mky,a29c48fec256,DMS_MaP
A,7mky,3c6ba17ceb8b,DMS_MaP
A,7mky,78ff06ceef07,DMS_MaP
A,7mky,85bdb75af91a,DMS_MaP
A,7mky,b7c3fd5bc741,DMS_MaP
A,7mky,8671d14d87d0,DMS_MaP
A,7mky,355efea17272,DMS_MaP
A,7mky,9b62ee0c3733,DMS_MaP
A,7mky,25dd5bd3336b,DMS_MaP
A,7mky,91d7d16c3440,DMS_MaP
A,7mky,da828c6e9fbc,DMS_MaP
A,7mky,c3c2502a9fd7,DMS_MaP
A,7mky,88f2d5f62268,DMS_MaP
A,7mky,a944858dafcb,DMS_MaP
A,7mky,a82460cffeb7,DMS_MaP
A,7mky,0e18c00ec9bb,DMS_MaP
A,7mky,078e9997f061,DMS_MaP
A,7mky,01d84c3e3a67,DMS_MaP
A,7mky,5ecde4c40815,DMS_MaP
A,7mky,92491ac4e77a,DMS_MaP
A,7mky,e5445399a1b4,DMS_MaP
A,7mky,0252e11c5caa,DMS_MaP
A,7mky,854ecb38f3ed,DMS_MaP
A,7mky,35325b5dc534,DMS_MaP
A,7mky,bc07bed81c73,DMS_MaP
A,7mky,c9d12b50d4b5,DMS_MaP
A,7mky,b9ccf3c37b53,DMS_MaP
A,7mky,acc82100597d,DMS_MaP
A,7mky,4478eb93457c,DMS_MaP
A,7mky,1e7d3d32d513,DMS_MaP
A,7mky,c90cbe2eff36,DMS_MaP
A,7mky,c32e3f683c4b,DMS_MaP
A,7mky,080d676a7c32,DMS_MaP
A,7mky,aa60e379f209,DMS_MaP
A,7mky,852cdfd53022,DMS_MaP
A,7mky,98bf3cd449df,DMS_MaP
A,7mky,c7d30e9a9f5b,DMS_MaP
A,7mky,b072f11e5a2d,DMS_MaP
A,7mky,6396fabccb99,DMS_MaP
A,7mky,cd6da855e0eb,DMS_MaP
A,7mky,8dea791967e2,DMS_MaP
A,7mky,822c1da71fbb,2A3_MaP
A,7mky,fbff6af4c03b,2A3_MaP
A,7mky,1ed278d832ca,2A3_MaP
A,7mky,fcb27f94fc71,2A3_MaP
A,7mky,d73409924cc4,2A3_MaP
A,7mky,1e8dc240fe27,2A3_MaP
A,7mky,d966ee35db14,2A3_MaP
A,7mky,a333beb87f6c,2A3_MaP
A,7mky,5f2a358a6570,2A3_MaP
A,7mky,6970a92368de,2A3_MaP
A,7mky,a5ffcf7f2df3,2A3_MaP
A,7mky,cd7bdf7944ec,2A3_MaP
A,7mky,5fb1e6384e63,2A3_MaP
A,7mky,97b20c93afd8,2A3_MaP
A,7mky,1dc9b3c97ef2,2A3_MaP
A,7mky,822c1da71fbb,DMS_MaP
A,7mky,fbff6af4c03b,DMS_MaP
A,7mky,1ed278d832ca,DMS_MaP
A,7mky,fcb27f94fc71,DMS_MaP
A,7mky,d73409924cc4,DMS_MaP
A,7mky,1e8dc240fe27,DMS_MaP
A,7mky,d966ee35db14,DMS_MaP
A,7mky,a333beb87f6c,DMS_MaP
A,7mky,5f2a358a6570,DMS_MaP
A,7mky,6970a92368de,DMS_MaP
A,7mky,a5ffcf7f2df3,DMS_MaP
A,7mky,cd7bdf7944ec,DMS_MaP
A,7mky,97b20c93afd8,DMS_MaP
A,7mky,1dc9b3c97ef2,DMS_MaP
E,1e8o,e69f53b3a60c,2A3_MaP
E,1e8o,591d001ba72b,2A3_MaP
E,1e8o,a6de8444812a,2A3_MaP
E,1e8o,1066764b4ae8,2A3_MaP
E,1e8o,27438841b5d1,2A3_MaP
E,1e8o,5d4c9b1ce5c6,2A3_MaP
E,1e8o,db639a13ea66,2A3_MaP
E,1e8o,17c65dd0db1f,2A3_MaP
E,1e8o,2ad802e9203f,2A3_MaP
E,1e8o,85a5eb6cee00,2A3_MaP
E,1e8o,cc5a136cb2c7,2A3_MaP
E,1e8o,96332260520e,2A3_MaP
E,1e8o,14ae7058c339,2A3_MaP
E,1e8o,0b5424521869,2A3_MaP
E,1e8o,10b8fc05e5dc,2A3_MaP
E,1e8o,3b8ba62fc813,2A3_MaP
E,1e8o,8032356878e9,2A3_MaP
E,1e8o,ebca4ef8208f,2A3_MaP
E,1e8o,0453eea11d44,2A3_MaP
E,1e8o,d2431d877619,2A3_MaP
E,1e8o,3719dda52d15,2A3_MaP
E,1e8o,20d45feeef60,2A3_MaP
E,1e8o,fcdd6a6ee202,2A3_MaP
E,1e8o,51d8d0da4ed3,2A3_MaP
E,1e8o,9a522d86a260,2A3_MaP
E,1e8o,4ad29a641387,2A3_MaP
E,1e8o,1db0daa7ea10,2A3_MaP
E,1e8o,16fa7e5dad05,DMS_MaP
E,1e8o,e69f53b3a60c,DMS_MaP
E,1e8o,591d001ba72b,DMS_MaP
E,1e8o,a6de8444812a,DMS_MaP
E,1e8o,1066764b4ae8,DMS_MaP
E,1e8o,27438841b5d1,DMS_MaP
E,1e8o,9494b93e22f7,DMS_MaP
E,1e8o,db639a13ea66,DMS_MaP
E,1e8o,17c65dd0db1f,DMS_MaP
E,1e8o,ae82fdf3b2ef,DMS_MaP
E,1e8o,2ad802e9203f,DMS_MaP
E,1e8o,85a5eb6cee00,DMS_MaP
E,1e8o,cc5a136cb2c7,DMS_MaP
E,1e8o,96332260520e,DMS_MaP
E,1e8o,803eab13bcb0,DMS_MaP
E,1e8o,f2cb896ff43d,DMS_MaP
E,1e8o,14ae7058c339,DMS_MaP
E,1e8o,0b5424521869,DMS_MaP
E,1e8o,75e21ccfdb0a,DMS_MaP
E,1e8o,10b8fc05e5dc,DMS_MaP
E,1e8o,9be525e7aca2,DMS_MaP
E,1e8o,3b8ba62fc813,DMS_MaP
E,1e8o,564143c8da90,DMS_MaP
E,1e8o,7d1d5d829d68,DMS_MaP
E,1e8o,2a2286b43ef9,DMS_MaP
E,1e8o,8032356878e9,DMS_MaP
E,1e8o,02086610d0b4,DMS_MaP
E,1e8o,ebca4ef8208f,DMS_MaP
E,1e8o,06b4b41fe99e,DMS_MaP
E,1e8o,82b52198a6e5,DMS_MaP
E,1e8o,471e9f07d585,DMS_MaP
E,1e8o,88bf32ca9798,DMS_MaP
E,1e8o,061723911bb5,DMS_MaP
E,1e8o,0453eea11d44,DMS_MaP
E,1e8o,76fc336e90fe,DMS_MaP
E,1e8o,d2431d877619,DMS_MaP
E,1e8o,3719dda52d15,DMS_MaP
E,1e8o,20d45feeef60,DMS_MaP
E,1e8o,fcdd6a6ee202,DMS_MaP
E,1e8o,9111816d8cac,DMS_MaP
E,1e8o,bf975b2ff94c,DMS_MaP
E,1e8o,51d8d0da4ed3,DMS_MaP
E,1e8o,071a096d018e,DMS_MaP
E,1e8o,9a522d86a260,DMS_MaP
E,1e8o,4ad29a641387,DMS_MaP
E,1e8o,1db0daa7ea10,DMS_MaP
E,1e8o,42de5a3ef123,DMS_MaP
E,1e8o,25b17d7a45d7,DMS_MaP
E,1e8o,388241f92a5d,2A3_MaP
E,1e8o,388241f92a5d,DMS_MaP
E,1e8o,e3b794237e3e,2A3_MaP
E,1e8o,174e909c9218,2A3_MaP
E,1e8o,e3b794237e3e,DMS_MaP
E,1e8o,174e909c9218,DMS_MaP
E,1e8o,fbec9341be71,DMS_MaP
E,1e8o,8256fb684b40,2A3_MaP
E,1e8o,bd1889ec67fe,2A3_MaP
E,1e8o,7568be1562e7,2A3_MaP
E,1e8o,9b9e103286ea,2A3_MaP
E,1e8o,ef0291d882b2,2A3_MaP
E,1e8o,b556a21742ab,2A3_MaP
E,1e8o,61509bc2f9e9,2A3_MaP
E,1e8o,7d5db051d070,2A3_MaP
E,1e8o,42831d697d2a,2A3_MaP
E,1e8o,637a655ca4c9,2A3_MaP
E,1e8o,ec40657c8855,2A3_MaP
E,1e8o,6a86a77460c2,2A3_MaP
E,1e8o,8d5deb3b2b98,2A3_MaP
E,1e8o,743b99a92413,2A3_MaP
E,1e8o,1aad0e854960,2A3_MaP
E,1e8o,cb87b527ee7e,2A3_MaP
E,1e8o,34020cbc05cb,2A3_MaP
E,1e8o,0c252c584b00,2A3_MaP
E,1e8o,8b0c50ba21d2,2A3_MaP
E,1e8o,0af049665d80,2A3_MaP
E,1e8o,0256816629ba,2A3_MaP
E,1e8o,d8b4319103d8,2A3_MaP
E,1e8o,2ffe7dd1997d,2A3_MaP
E,1e8o,00823bf54be4,2A3_MaP
E,1e8o,467b1c58a157,2A3_MaP
E,1e8o,06d18e6495bf,2A3_MaP
E,1e8o,9eaff9e79df6,2A3_MaP
E,1e8o,08dea036aef6,2A3_MaP
E,1e8o,8256fb684b40,DMS_MaP
E,1e8o,bd1889ec67fe,DMS_MaP
E,1e8o,7568be1562e7,DMS_MaP
E,1e8o,9b9e103286ea,DMS_MaP
E,1e8o,ef0291d882b2,DMS_MaP
E,1e8o,b556a21742ab,DMS_MaP
E,1e8o,61509bc2f9e9,DMS_MaP
E,1e8o,7d5db051d070,DMS_MaP
E,1e8o,4386f81ae7ca,DMS_MaP
E,1e8o,42831d697d2a,DMS_MaP
E,1e8o,637a655ca4c9,DMS_MaP
E,1e8o,ec40657c8855,DMS_MaP
E,1e8o,6a86a77460c2,DMS_MaP
E,1e8o,8d5deb3b2b98,DMS_MaP
E,1e8o,743b99a92413,DMS_MaP
E,1e8o,1aad0e854960,DMS_MaP
E,1e8o,cb87b527ee7e,DMS_MaP
E,1e8o,34020cbc05cb,DMS_MaP
E,1e8o,0c252c584b00,DMS_MaP
E,1e8o,8b0c50ba21d2,DMS_MaP
E,1e8o,de83e51fca9c,DMS_MaP
E,1e8o,0af049665d80,DMS_MaP
E,1e8o,f9311149571a,DMS_MaP
E,1e8o,0256816629ba,DMS_MaP
E,1e8o,d8b4319103d8,DMS_MaP
E,1e8o,2ffe7dd1997d,DMS_MaP
E,1e8o,00823bf54be4,DMS_MaP
E,1e8o,467b1c58a157,DMS_MaP
E,1e8o,06d18e6495bf,DMS_MaP
E,1e8o,5db6aae67871,DMS_MaP
E,1e8o,9eaff9e79df6,DMS_MaP
E,1e8o,08dea036aef6,DMS_MaP
E,1e8o,a1de167cd681,2A3_MaP
E,1e8o,aef358ae2819,2A3_MaP
E,1e8o,8cc1b45aab74,2A3_MaP
E,1e8o,c9c580b66b3c,2A3_MaP
E,1e8o,aef358ae2819,DMS_MaP
E,1e8o,5ad8bb4d0116,DMS_MaP
E,1e8o,8cc1b45aab74,DMS_MaP
E,1e8o,3399a90c5e06,DMS_MaP
E,1e8o,620bba5aa66e,2A3_MaP
E,1e8o,620bba5aa66e,DMS_MaP
C,5ns3,3788b02fbd85,2A3_MaP
C,5ns3,93f123ec6ab7,2A3_MaP
C,5ns3,2065ad831619,2A3_MaP
C,5ns3,4c2858b764f6,2A3_MaP
C,5ns3,aee4739377c1,2A3_MaP
C,5ns3,2d049d3530a6,2A3_MaP
C,5ns3,901ffc55a456,2A3_MaP
C,5ns3,83855aed923a,2A3_MaP
C,5ns3,dcdc9c33718c,2A3_MaP
C,5ns3,55ec09ae671a,2A3_MaP
C,5ns3,427c1cc84ee9,2A3_MaP
C,5ns3,9a24c50db49a,2A3_MaP
C,5ns3,cc817453d5c0,2A3_MaP
C,5ns3,864377207484,2A3_MaP
C,5ns3,f4878a264986,2A3_MaP
C,5ns3,fe257c6095ff,2A3_MaP
C,5ns3,c986c05abdb7,2A3_MaP
C,5ns3,23128ec17a1e,2A3_MaP
C,5ns3,d01da5133520,2A3_MaP
C,5ns3,6d372f709b30,2A3_MaP
C,5ns3,6e8ea999169d,2A3_MaP
C,5ns3,890edf7f3413,2A3_MaP
C,5ns3,830b93844256,2A3_MaP
C,5ns3,c974b0964b0b,2A3_MaP
C,5ns3,c466c5628a87,2A3_MaP
C,5ns3,84b5d4275ce5,2A3_MaP
C,5ns3,158bb85a9a54,2A3_MaP
C,5ns3,e862b6cb4f64,2A3_MaP
C,5ns3,286ae27b25cb,2A3_MaP
C,5ns3,c41a303fac3d,2A3_MaP
C,5ns3,3788b02fbd85,DMS_MaP
C,5ns3,93f123ec6ab7,DMS_MaP
C,5ns3,2065ad831619,DMS_MaP
C,5ns3,4c2858b764f6,DMS_MaP
C,5ns3,aee4739377c1,DMS_MaP
C,5ns3,2d049d3530a6,DMS_MaP
C,5ns3,901ffc55a456,DMS_MaP
C,5ns3,83855aed923a,DMS_MaP
C,5ns3,dcdc9c33718c,DMS_MaP
C,5ns3,55ec09ae671a,DMS_MaP
C,5ns3,427c1cc84ee9,DMS_MaP
C,5ns3,9a24c50db49a,DMS_MaP
C,5ns3,cc817453d5c0,DMS_MaP
C,5ns3,864377207484,DMS_MaP
C,5ns3,f4878a264986,DMS_MaP
C,5ns3,fe257c6095ff,DMS_MaP
C,5ns3,c986c05abdb7,DMS_MaP
C,5ns3,23128ec17a1e,DMS_MaP
C,5ns3,d01da5133520,DMS_MaP
C,5ns3,6d372f709b30,DMS_MaP
C,5ns3,6e8ea999169d,DMS_MaP
C,5ns3,890edf7f3413,DMS_MaP
C,5ns3,830b93844256,DMS_MaP
C,5ns3,c974b0964b0b,DMS_MaP
C,5ns3,c466c5628a87,DMS_MaP
C,5ns3,84b5d4275ce5,DMS_MaP
C,5ns3,158bb85a9a54,DMS_MaP
C,5ns3,e862b6cb4f64,DMS_MaP
C,5ns3,286ae27b25cb,DMS_MaP
C,5ns3,c41a303fac3d,DMS_MaP
C,5ns3,53f1b3f8736c,2A3_MaP
C,5ns3,2655c427e932,2A3_MaP
C,5ns3,d8565284f156,2A3_MaP
C,5ns3,94bc0e2f6348,2A3_MaP
C,5ns3,a005751a1f79,2A3_MaP
C,5ns3,bf893c8eb034,2A3_MaP
C,5ns3,f2d4663ea58e,2A3_MaP
C,5ns3,cc20c8a039c6,2A3_MaP
C,5ns3,a610266b8aff,2A3_MaP
C,5ns3,7b0682e4dacd,2A3_MaP
C,5ns3,ac1ec7eb1084,2A3_MaP
C,5ns3,81607ee360b3,2A3_MaP
C,5ns3,2aa2a1c76efa,2A3_MaP
C,5ns3,addeac310a42,2A3_MaP
C,5ns3,265808f34479,2A3_MaP
C,5ns3,c70f3925ce7f,2A3_MaP
C,5ns3,97c53c38b67e,2A3_MaP
C,5ns3,7db9cf3f110c,2A3_MaP
C,5ns3,fd6487f26adb,2A3_MaP
C,5ns3,9134ba1a9a3e,2A3_MaP
C,5ns3,8edbdc572dd2,2A3_MaP
C,5ns3,b9a66ad6d451,2A3_MaP
C,5ns3,20af8b845b06,2A3_MaP
C,5ns3,a934fe42ebc3,2A3_MaP
C,5ns3,1bb6183e825f,2A3_MaP
C,5ns3,612d37ac805e,2A3_MaP
C,5ns3,fe163ebe90d9,2A3_MaP
C,5ns3,7502d4e2d766,2A3_MaP
C,5ns3,a8b755a12f2a,2A3_MaP
C,5ns3,be6742aeefe1,2A3_MaP
C,5ns3,690018088a56,2A3_MaP
C,5ns3,1c2fe91af441,2A3_MaP
C,5ns3,53f1b3f8736c,DMS_MaP
C,5ns3,2655c427e932,DMS_MaP
C,5ns3,d8565284f156,DMS_MaP
C,5ns3,94bc0e2f6348,DMS_MaP
C,5ns3,a005751a1f79,DMS_MaP
C,5ns3,bf893c8eb034,DMS_MaP
C,5ns3,f2d4663ea58e,DMS_MaP
C,5ns3,cc20c8a039c6,DMS_MaP
C,5ns3,a610266b8aff,DMS_MaP
C,5ns3,7b0682e4dacd,DMS_MaP
C,5ns3,ac1ec7eb1084,DMS_MaP
C,5ns3,81607ee360b3,DMS_MaP
C,5ns3,2aa2a1c76efa,DMS_MaP
C,5ns3,addeac310a42,DMS_MaP
C,5ns3,265808f34479,DMS_MaP
C,5ns3,c70f3925ce7f,DMS_MaP
C,5ns3,97c53c38b67e,DMS_MaP
C,5ns3,7db9cf3f110c,DMS_MaP
C,5ns3,fd6487f26adb,DMS_MaP
C,5ns3,9134ba1a9a3e,DMS_MaP
C,5ns3,8edbdc572dd2,DMS_MaP
C,5ns3,b9a66ad6d451,DMS_MaP
C,5ns3,20af8b845b06,DMS_MaP
C,5ns3,a934fe42ebc3,DMS_MaP
C,5ns3,1bb6183e825f,DMS_MaP
C,5ns3,612d37ac805e,DMS_MaP
C,5ns3,fe163ebe90d9,DMS_MaP
C,5ns3,7502d4e2d766,DMS_MaP
C,5ns3,a8b755a12f2a,DMS_MaP
C,5ns3,be6742aeefe1,DMS_MaP
C,5ns3,690018088a56,DMS_MaP
C,5ns3,1c2fe91af441,DMS_MaP
B,7d8o,3f2a90e414fb,2A3_MaP
B,7d8o,f168f1be605a,2A3_MaP
B,7d8o,1ef84d09258b,2A3_MaP
B,7d8o,008e24694ce6,2A3_MaP
B,7d8o,258280ba8ff3,2A3_MaP
B,7d8o,100c4078525d,2A3_MaP
B,7d8o,0d1967238f3a,2A3_MaP
B,7d8o,f228beda990e,2A3_MaP
B,7d8o,0e4ec31176d5,2A3_MaP
B,7d8o,dfdecae7e81a,2A3_MaP
B,7d8o,8380d5550951,2A3_MaP
B,7d8o,ebb2cd1542e7,2A3_MaP
B,7d8o,c37abb43b1f2,2A3_MaP
B,7d8o,1e1267399f99,2A3_MaP
B,7d8o,4bd954e31cf8,2A3_MaP
B,7d8o,d4857132b70c,2A3_MaP
B,7d8o,a7a50e3404d0,2A3_MaP
B,7d8o,c8c1e8816193,2A3_MaP
B,7d8o,0f41c55eb4be,2A3_MaP
B,7d8o,8f731e125e5f,2A3_MaP
B,7d8o,7c58e664c99d,2A3_MaP
B,7d8o,dadabc581143,2A3_MaP
B,7d8o,6e6a875f4ccc,2A3_MaP
B,7d8o,d02d2faac149,2A3_MaP
B,7d8o,c234d5435b0d,2A3_MaP
B,7d8o,605cf211b268,2A3_MaP
B,7d8o,7f6976a0a5a3,2A3_MaP
B,7d8o,c84c8c02d9d3,2A3_MaP
B,7d8o,a2e42442ebf7,2A3_MaP
B,7d8o,61ce70c6752e,2A3_MaP
B,7d8o,0b226237f924,2A3_MaP
B,7d8o,12e2d704d372,2A3_MaP
B,7d8o,f1b4bc8532a2,2A3_MaP
B,7d8o,d98e0800a751,2A3_MaP
B,7d8o,44df3d055f29,2A3_MaP
B,7d8o,768104f1c381,2A3_MaP
B,7d8o,234492bbfd34,2A3_MaP
B,7d8o,a264fe5e8cd4,2A3_MaP
B,7d8o,91ac1b5376f1,2A3_MaP
B,7d8o,341375764887,2A3_MaP
B,7d8o,a552b1350571,2A3_MaP
B,7d8o,3d850e96534a,2A3_MaP
B,7d8o,e75f26d99fcf,2A3_MaP
B,7d8o,a76c0bb0b495,2A3_MaP
B,7d8o,94b53b22ec6d,2A3_MaP
B,7d8o,7a951ca649f3,2A3_MaP
B,7d8o,05c282ebb76e,2A3_MaP
B,7d8o,790231478007,2A3_MaP
B,7d8o,1c4ae8818882,2A3_MaP
B,7d8o,6bace2407d47,2A3_MaP
B,7d8o,8dfb37bd53f3,2A3_MaP
B,7d8o,3e126d2dc990,2A3_MaP
B,7d8o,1728ae35c5fb,2A3_MaP
B,7d8o,4edb56ac96f6,2A3_MaP
B,7d8o,f168f1be605a,DMS_MaP
B,7d8o,258280ba8ff3,DMS_MaP
B,7d8o,100c4078525d,DMS_MaP
B,7d8o,0d1967238f3a,DMS_MaP
B,7d8o,f228beda990e,DMS_MaP
B,7d8o,0e4ec31176d5,DMS_MaP
B,7d8o,8380d5550951,DMS_MaP
B,7d8o,c37abb43b1f2,DMS_MaP
B,7d8o,1e1267399f99,DMS_MaP
B,7d8o,4bd954e31cf8,DMS_MaP
B,7d8o,d4857132b70c,DMS_MaP
B,7d8o,6a2570ba24fb,DMS_MaP
B,7d8o,a7a50e3404d0,DMS_MaP
B,7d8o,118ed8ae5361,DMS_MaP
B,7d8o,c8c1e8816193,DMS_MaP
B,7d8o,0f41c55eb4be,DMS_MaP
B,7d8o,8f731e125e5f,DMS_MaP
B,7d8o,11cb1a2024fb,DMS_MaP
B,7d8o,7c58e664c99d,DMS_MaP
B,7d8o,dadabc581143,DMS_MaP
B,7d8o,70a62b4fb7d3,DMS_MaP
B,7d8o,6e6a875f4ccc,DMS_MaP
B,7d8o,d02d2faac149,DMS_MaP
B,7d8o,24db880562bd,DMS_MaP
B,7d8o,605cf211b268,DMS_MaP
B,7d8o,7f6976a0a5a3,DMS_MaP
B,7d8o,a2e42442ebf7,DMS_MaP
B,7d8o,4c52252b068b,DMS_MaP
B,7d8o,8948c7e2faf8,DMS_MaP
B,7d8o,0b226237f924,DMS_MaP
B,7d8o,12e2d704d372,DMS_MaP
B,7d8o,f1b4bc8532a2,DMS_MaP
B,7d8o,d98e0800a751,DMS_MaP
B,7d8o,44df3d055f29,DMS_MaP
B,7d8o,768104f1c381,DMS_MaP
B,7d8o,c730aad6d139,DMS_MaP
B,7d8o,234492bbfd34,DMS_MaP
B,7d8o,a264fe5e8cd4,DMS_MaP
B,7d8o,341375764887,DMS_MaP
B,7d8o,a552b1350571,DMS_MaP
B,7d8o,3d850e96534a,DMS_MaP
B,7d8o,e75f26d99fcf,DMS_MaP
B,7d8o,a76c0bb0b495,DMS_MaP
B,7d8o,94b53b22ec6d,DMS_MaP
B,7d8o,7a951ca649f3,DMS_MaP
B,7d8o,05c282ebb76e,DMS_MaP
B,7d8o,790231478007,DMS_MaP
B,7d8o,1c4ae8818882,DMS_MaP
B,7d8o,6bace2407d47,DMS_MaP
B,7d8o,8dfb37bd53f3,DMS_MaP
B,7d8o,3e126d2dc990,DMS_MaP
B,7d8o,1728ae35c5fb,DMS_MaP
B,7d8o,4edb56ac96f6,DMS_MaP
B,7d8o,e43beaadb932,2A3_MaP
B,7d8o,804fdadcbf87,2A3_MaP
B,7d8o,da4f907dadf2,2A3_MaP
B,7d8o,da4f907dadf2,DMS_MaP
B,7d8o,db4d24c377e0,2A3_MaP
B,7d8o,e600618e54fc,2A3_MaP
B,7d8o,efd3afaf8770,2A3_MaP
B,7d8o,61271b0ff37c,2A3_MaP
B,7d8o,db4d24c377e0,DMS_MaP
B,7d8o,e600618e54fc,DMS_MaP
B,7d8o,efd3afaf8770,DMS_MaP
B,7d8o,61271b0ff37c,DMS_MaP
A,6prv,2e31c7de785b,2A3_MaP
A,6prv,38e4376a58ff,2A3_MaP
A,6prv,4c21f0d63667,2A3_MaP
A,6prv,c657bcc8529e,2A3_MaP
A,6prv,d8379f56b1f6,2A3_MaP
A,6prv,a15b6a972fed,2A3_MaP
A,6prv,d9c1d2950cc0,2A3_MaP
A,6prv,00e4fb20f1cb,2A3_MaP
A,6prv,54e93c4c17cc,2A3_MaP
A,6prv,cf25a201fe68,2A3_MaP
A,6prv,8cc813cd8944,2A3_MaP
A,6prv,096a8b9f35fc,2A3_MaP
A,6prv,5478e97a4189,2A3_MaP
A,6prv,d4630f39aeed,2A3_MaP
A,6prv,529d64036de9,2A3_MaP
A,6prv,6f60083b7c6c,2A3_MaP
A,6prv,70e0ab784e9c,2A3_MaP
A,6prv,c43af1f5be8f,2A3_MaP
A,6prv,8ab58a0eed97,2A3_MaP
A,6prv,7cef9f63b5f0,2A3_MaP
A,6prv,eae1a4049fa2,2A3_MaP
A,6prv,480918ae931f,2A3_MaP
A,6prv,f474e0477f1f,2A3_MaP
A,6prv,c178340af2e8,2A3_MaP
A,6prv,2e31c7de785b,DMS_MaP
A,6prv,38e4376a58ff,DMS_MaP
A,6prv,4c21f0d63667,DMS_MaP
A,6prv,c657bcc8529e,DMS_MaP
A,6prv,238ccce9f019,DMS_MaP
A,6prv,e505c426f733,DMS_MaP
A,6prv,401a80391783,DMS_MaP
A,6prv,0765d663b7e6,DMS_MaP
A,6prv,40f4d481f4e6,DMS_MaP
A,6prv,d8379f56b1f6,DMS_MaP
A,6prv,3753eb584edb,DMS_MaP
A,6prv,3bcbf91af75b,DMS_MaP
A,6prv,a15b6a972fed,DMS_MaP
A,6prv,b2525b9881b8,DMS_MaP
A,6prv,d9c1d2950cc0,DMS_MaP
A,6prv,82010e6888e3,DMS_MaP
A,6prv,00e4fb20f1cb,DMS_MaP
A,6prv,54e93c4c17cc,DMS_MaP
A,6prv,cf25a201fe68,DMS_MaP
A,6prv,8cc813cd8944,DMS_MaP
A,6prv,096a8b9f35fc,DMS_MaP
A,6prv,5478e97a4189,DMS_MaP
A,6prv,d4630f39aeed,DMS_MaP
A,6prv,dd841e143c5b,DMS_MaP
A,6prv,529d64036de9,DMS_MaP
A,6prv,6f60083b7c6c,DMS_MaP
A,6prv,70e0ab784e9c,DMS_MaP
A,6prv,c43af1f5be8f,DMS_MaP
A,6prv,d4ba85dac318,DMS_MaP
A,6prv,8ab58a0eed97,DMS_MaP
A,6prv,4107750f454d,DMS_MaP
A,6prv,7cef9f63b5f0,DMS_MaP
A,6prv,eae1a4049fa2,DMS_MaP
A,6prv,fcbc9a3e36c9,DMS_MaP
A,6prv,480918ae931f,DMS_MaP
A,6prv,c178340af2e8,DMS_MaP
A,6prv,e668f17b760f,DMS_MaP
A,6prv,6e8faea5d55a,2A3_MaP
A,6prv,e580b3be306f,2A3_MaP
A,6prv,709674c52130,2A3_MaP
A,6prv,6a5805ce3d68,2A3_MaP
A,6prv,f5a72e974aaf,2A3_MaP
A,6prv,6e1f19830650,2A3_MaP
A,6prv,8b3626d8b958,2A3_MaP
A,6prv,6d26922a6d65,2A3_MaP
A,6prv,a63aa7fe6b75,2A3_MaP
A,6prv,7014326a44ec,2A3_MaP
A,6prv,554ca6ce73b7,2A3_MaP
A,6prv,98a65a65abb8,2A3_MaP
A,6prv,173422542d5d,2A3_MaP
A,6prv,bd70c12d6173,2A3_MaP
A,6prv,3e35f03aca19,2A3_MaP
A,6prv,65d704b4c14f,2A3_MaP
A,6prv,9626e4824efc,2A3_MaP
A,6prv,1d552380fc44,DMS_MaP
A,6prv,6e8faea5d55a,DMS_MaP
A,6prv,e580b3be306f,DMS_MaP
A,6prv,709674c52130,DMS_MaP
A,6prv,6a5805ce3d68,DMS_MaP
A,6prv,f5a72e974aaf,DMS_MaP
A,6prv,6e1f19830650,DMS_MaP
A,6prv,8b3626d8b958,DMS_MaP
A,6prv,6d26922a6d65,DMS_MaP
A,6prv,a63aa7fe6b75,DMS_MaP
A,6prv,3c98884f195a,DMS_MaP
A,6prv,7014326a44ec,DMS_MaP
A,6prv,554ca6ce73b7,DMS_MaP
A,6prv,98a65a65abb8,DMS_MaP
A,6prv,173422542d5d,DMS_MaP
A,6prv,bd70c12d6173,DMS_MaP
A,6prv,3e35f03aca19,DMS_MaP
A,6prv,65d704b4c14f,DMS_MaP
A,6prv,0b6a09532979,DMS_MaP
A,6prv,9626e4824efc,DMS_MaP
A,6prv,42ed43890d9b,2A3_MaP
A,6prv,42ed43890d9b,DMS_MaP
A,6prv,5c465cb185bb,2A3_MaP
A,6prv,5c465cb185bb,DMS_MaP
A,1xjr,f1cbeef2f25d,2A3_MaP
A,1xjr,fbbeb0489140,2A3_MaP
A,1xjr,8e8616c6bf02,2A3_MaP
A,1xjr,ae318c5303e3,2A3_MaP
A,1xjr,9d65c7ae8846,2A3_MaP
A,1xjr,6c4dc62cf330,2A3_MaP
A,1xjr,9696160b3c18,2A3_MaP
A,1xjr,cd98e9832095,2A3_MaP
A,1xjr,f6df77c53eb5,2A3_MaP
A,1xjr,e262eeed54f7,2A3_MaP
A,1xjr,21f441aa003d,2A3_MaP
A,1xjr,584403b939a9,2A3_MaP
A,1xjr,fe2e1d56dea4,2A3_MaP
A,1xjr,eaad185f996a,2A3_MaP
A,1xjr,1e947dbbdac6,2A3_MaP
A,1xjr,f1cbeef2f25d,DMS_MaP
A,1xjr,fbbeb0489140,DMS_MaP
A,1xjr,8e8616c6bf02,DMS_MaP
A,1xjr,ae318c5303e3,DMS_MaP
A,1xjr,9d65c7ae8846,DMS_MaP
A,1xjr,6c4dc62cf330,DMS_MaP
A,1xjr,9696160b3c18,DMS_MaP
A,1xjr,ff92058dae03,DMS_MaP
A,1xjr,cd98e9832095,DMS_MaP
A,1xjr,72cbff95f13b,DMS_MaP
A,1xjr,f6df77c53eb5,DMS_MaP
A,1xjr,e262eeed54f7,DMS_MaP
A,1xjr,21f441aa003d,DMS_MaP
A,1xjr,584403b939a9,DMS_MaP
A,1xjr,fe2e1d56dea4,DMS_MaP
A,1xjr,1e947dbbdac6,DMS_MaP
A,4oqu,5c146ca7dfe2,2A3_MaP
A,4oqu,84d9f023422f,2A3_MaP
A,4oqu,f3b28c36034a,2A3_MaP
A,4oqu,0be4146906a7,2A3_MaP
A,4oqu,607feaddfa0d,2A3_MaP
A,4oqu,4bf51570cb6d,2A3_MaP
A,4oqu,4eeca74de50a,DMS_MaP
A,4oqu,6de71b28832e,DMS_MaP
A,4oqu,5c146ca7dfe2,DMS_MaP
A,4oqu,84d9f023422f,DMS_MaP
A,4oqu,300bdadf2605,DMS_MaP
A,4oqu,f3b28c36034a,DMS_MaP
A,4oqu,e452d2d697b1,DMS_MaP
A,4oqu,0be4146906a7,DMS_MaP
A,4oqu,c70d40a53253,DMS_MaP
A,4oqu,8ed489a8348a,DMS_MaP
A,4oqu,0f69dcf9c245,DMS_MaP
A,4oqu,ce8000234b75,DMS_MaP
A,4oqu,3b85c4aeaf0d,DMS_MaP
A,4oqu,607feaddfa0d,DMS_MaP
A,4oqu,4bf51570cb6d,DMS_MaP
A,4oqu,811db28aee9a,DMS_MaP
A,1l2x,68cb0bcc0898,2A3_MaP
A,1l2x,00c09b2f5db5,2A3_MaP
A,1l2x,b529d9be5d1d,2A3_MaP
A,1l2x,9d38cf869d12,2A3_MaP
A,1l2x,6f95bf31fa83,2A3_MaP
A,1l2x,0aabc33691c1,2A3_MaP
A,1l2x,68cb0bcc0898,DMS_MaP
A,1l2x,08888b1583f7,DMS_MaP
A,1l2x,00c09b2f5db5,DMS_MaP
A,1l2x,b529d9be5d1d,DMS_MaP
A,1l2x,9d38cf869d12,DMS_MaP
A,1l2x,6f95bf31fa83,DMS_MaP
A,1l2x,0aabc33691c1,DMS_MaP
A,1l2x,08888b1583f7,2A3_MaP
B,4mgn,fbdfc02c93ad,2A3_MaP
B,4mgn,fbdfc02c93ad,DMS_MaP
B,4mgn,b79c5f652a35,2A3_MaP
B,4mgn,b79c5f652a35,DMS_MaP
B,4mgn,019143c67225,2A3_MaP
B,4mgn,9909bea61f3a,2A3_MaP
B,4mgn,ca6c7e9bc0b5,2A3_MaP
B,4mgn,019143c67225,DMS_MaP
B,4mgn,9909bea61f3a,DMS_MaP
B,4mgn,ca6c7e9bc0b5,DMS_MaP
P,7k16,c4e6d6be85fa,2A3_MaP
P,7k16,535b3b9f49db,2A3_MaP
P,7k16,ad954e5ed3df,2A3_MaP
P,7k16,c4e6d6be85fa,DMS_MaP
P,7k16,535b3b9f49db,DMS_MaP
P,7k16,ad954e5ed3df,DMS_MaP
P,7k16,dbe5661e45e1,2A3_MaP
P,7k16,dbe5661e45e1,DMS_MaP
A,5d5l,da2aea8f0505,2A3_MaP
A,5d5l,da2aea8f0505,DMS_MaP
A,5d5l,7eecf1321980,2A3_MaP
A,5d5l,7eecf1321980,DMS_MaP
A,5d5l,741a7b6340df,DMS_MaP
A,5d5l,741a7b6340df,2A3_MaP
A,4jf2,f70957b27eb7,2A3_MaP
A,4jf2,7eecf1321980,2A3_MaP
A,4jf2,7eecf1321980,DMS_MaP
A,4jf2,741a7b6340df,DMS_MaP
A,4jf2,741a7b6340df,2A3_MaP
A,4jf2,f70957b27eb7,DMS_MaP
A,6cu1,da40ce148e4e,2A3_MaP
A,6cu1,430f1b213c88,2A3_MaP
A,6cu1,5d8c9871b170,DMS_MaP
A,6cu1,da40ce148e4e,DMS_MaP
A,6cu1,430f1b213c88,DMS_MaP
1K,5e81,7fea9a979cf7,2A3_MaP
1K,5e81,7fea9a979cf7,DMS_MaP
1L,5e81,4782d6dcc75c,2A3_MaP
1L,5e81,4782d6dcc75c,DMS_MaP
Pt,7n2v,7fea9a979cf7,2A3_MaP
Pt,7n2v,7fea9a979cf7,DMS_MaP
Pt,7n2v,4782d6dcc75c,2A3_MaP
Pt,7n2v,4782d6dcc75c,DMS_MaP
PTR1,7zta,7fea9a979cf7,2A3_MaP
PTR1,7zta,7fea9a979cf7,DMS_MaP
PTR1,7zta,4782d6dcc75c,2A3_MaP
PTR1,7zta,4782d6dcc75c,DMS_MaP
A,3k1v,e7424908e3c6,2A3_MaP
A,3k1v,047e30d46522,2A3_MaP
A,3k1v,e7424908e3c6,DMS_MaP
A,3k1v,047e30d46522,DMS_MaP
V,8yup,89ce9bfaed13,2A3_MaP
V,8yup,d2e492531141,DMS_MaP
V,8yup,89ce9bfaed13,DMS_MaP
AY,5ju8,68034b89c93e,DMS_MaP
AX,5ju8,d72f128169c2,2A3_MaP
AX,5ju8,d72f128169c2,DMS_MaP
A,6fz0,9b2eea2f101e,2A3_MaP
A,6fz0,a38f999b6931,2A3_MaP
A,6fz0,9b2eea2f101e,DMS_MaP
C,5aox,cc5a136cb2c7,2A3_MaP
C,5aox,cc5a136cb2c7,DMS_MaP
A,8v1i,a027fd591de0,2A3_MaP
A,8v1i,a027fd591de0,DMS_MaP
A,6mwn,e0e5bd9d44f8,2A3_MaP
A,6mwn,e0e5bd9d44f8,DMS_MaP
X,1y27,a9d54dde12a9,2A3_MaP
X,1y27,a9d54dde12a9,DMS_MaP
A,6xko,4c7c3516aca7,2A3_MaP
A,6xko,4c7c3516aca7,DMS_MaP
Y,8peg,68034b89c93e,DMS_MaP
E,8g9z,c8de0b7ba023,DMS_MaP
R,7mlx,b581dc95b393,2A3_MaP
R,7mlx,0509036e6446,2A3_MaP
R,7mlx,39bee0841522,2A3_MaP
R,7mlx,621a76c5e34f,2A3_MaP
R,7mlx,ec09a1f15a23,2A3_MaP
R,7mlx,7ee63dd21d4b,2A3_MaP
R,7mlx,1182935ff1b0,2A3_MaP
R,7mlx,26b67bb35e8b,2A3_MaP
R,7mlx,bda53d4b0db7,2A3_MaP
R,7mlx,73a4a1f6becb,2A3_MaP
R,7mlx,b581dc95b393,DMS_MaP
R,7mlx,0509036e6446,DMS_MaP
R,7mlx,39bee0841522,DMS_MaP
R,7mlx,621a76c5e34f,DMS_MaP
R,7mlx,ec09a1f15a23,DMS_MaP
R,7mlx,7ee63dd21d4b,DMS_MaP
R,7mlx,26b67bb35e8b,DMS_MaP
R,7mlx,bda53d4b0db7,DMS_MaP
R,7mlx,73a4a1f6becb,DMS_MaP
R,7mlx,1f32a1eac72e,2A3_MaP
R,7mlx,dfa65694fcbb,2A3_MaP
R,7mlx,a9db9d12c77a,2A3_MaP
R,7mlx,8fc30f477798,2A3_MaP
R,7mlx,7933986e04e0,2A3_MaP
R,7mlx,666619f085dd,2A3_MaP
R,7mlx,5050f3127822,2A3_MaP
R,7mlx,28a270451a43,2A3_MaP
R,7mlx,23e9cb462630,2A3_MaP
R,7mlx,75260c798f12,2A3_MaP
R,7mlx,1f32a1eac72e,DMS_MaP
R,7mlx,dfa65694fcbb,DMS_MaP
R,7mlx,a9db9d12c77a,DMS_MaP
R,7mlx,8fc30f477798,DMS_MaP
R,7mlx,7933986e04e0,DMS_MaP
R,7mlx,28a270451a43,DMS_MaP
R,7mlx,23e9cb462630,DMS_MaP
R,7mlx,75260c798f12,DMS_MaP
R,7mlx,2a4f1e59a554,2A3_MaP
R,7mlx,de1c0455900d,2A3_MaP
R,7mlx,bd7e6eb1f190,2A3_MaP
R,7mlx,0a19c137f416,2A3_MaP
R,7mlx,8542f70971f3,2A3_MaP
R,7mlx,6fb19005aab3,2A3_MaP
R,7mlx,f5a8e33f506e,2A3_MaP
R,7mlx,2985e7af1114,2A3_MaP
R,7mlx,5a28eb37b425,2A3_MaP
R,7mlx,e98461981861,2A3_MaP
R,7mlx,cac13ea556b9,2A3_MaP
R,7mlx,594de6df47dd,2A3_MaP
R,7mlx,d474fa2fe7be,2A3_MaP
R,7mlx,de1c0455900d,DMS_MaP
R,7mlx,bd7e6eb1f190,DMS_MaP
R,7mlx,0a19c137f416,DMS_MaP
R,7mlx,8542f70971f3,DMS_MaP
R,7mlx,6fb19005aab3,DMS_MaP
R,7mlx,2985e7af1114,DMS_MaP
R,7mlx,5a28eb37b425,DMS_MaP
R,7mlx,e98461981861,DMS_MaP
R,7mlx,cac13ea556b9,DMS_MaP
R,7mlx,594de6df47dd,DMS_MaP
R,7mlx,e051fd444550,2A3_MaP
R,7mlx,515e3b9fad31,2A3_MaP
R,7mlx,61f86087d526,2A3_MaP
R,7mlx,8b1793124895,2A3_MaP
R,7mlx,1168764f79db,2A3_MaP
R,7mlx,e051fd444550,DMS_MaP
R,7mlx,f662b23bb832,DMS_MaP
R,7mlx,e9616ef0b95a,DMS_MaP
R,7mlx,61f86087d526,DMS_MaP
R,7mlx,8b1793124895,DMS_MaP
R,7mlx,1168764f79db,DMS_MaP
R,7mlx,c0bd48d19c3b,2A3_MaP
R,7mlx,519e5ec20b85,2A3_MaP
R,7mlx,de89a8d739b0,2A3_MaP
R,7mlx,bf85818a804f,2A3_MaP
R,7mlx,eab59c254380,2A3_MaP
R,7mlx,2db54c978086,2A3_MaP
R,7mlx,c0bd48d19c3b,DMS_MaP
R,7mlx,519e5ec20b85,DMS_MaP
R,7mlx,de89a8d739b0,DMS_MaP
R,7mlx,4d61ab852221,DMS_MaP
R,7mlx,bf85818a804f,DMS_MaP
R,7mlx,5d3b269ee560,DMS_MaP
R,7mlx,2db54c978086,DMS_MaP
R,7mlx,f99872da8795,DMS_MaP
R,7mlx,6243581e5889,2A3_MaP
R,7mlx,f57b379eeb41,2A3_MaP
R,7mlx,b5b1601d94f2,2A3_MaP
R,7mlx,a5795afc6c29,2A3_MaP
R,7mlx,af85482ccf50,2A3_MaP
R,7mlx,98ed35d70213,2A3_MaP
R,7mlx,9a9fb43a76d7,2A3_MaP
R,7mlx,a7f396de7262,2A3_MaP
R,7mlx,9db28188c2bc,2A3_MaP
R,7mlx,d816957b8539,2A3_MaP
R,7mlx,0aa16a344245,2A3_MaP
R,7mlx,20512c089ef1,2A3_MaP
R,7mlx,523edea58a7c,2A3_MaP
R,7mlx,6192c3055fcb,2A3_MaP
R,7mlx,c508258c8dec,2A3_MaP
R,7mlx,651ad2a70e77,2A3_MaP
R,7mlx,0db77274b9b3,2A3_MaP
R,7mlx,f766bf6aec94,2A3_MaP
R,7mlx,a068325feef3,2A3_MaP
R,7mlx,8fd54049f690,2A3_MaP
R,7mlx,75b70fedd1f9,2A3_MaP
R,7mlx,e0d73ad87142,2A3_MaP
R,7mlx,38decf2e85d9,2A3_MaP
R,7mlx,bcad5bf54f27,2A3_MaP
R,7mlx,75ceffc8176b,2A3_MaP
R,7mlx,f2d2115b1638,2A3_MaP
R,7mlx,08e68e180986,2A3_MaP
R,7mlx,4c4ff9243c85,2A3_MaP
R,7mlx,51c6a3a5e4fe,2A3_MaP
R,7mlx,20f9bf917e2c,2A3_MaP
R,7mlx,2cac44966667,2A3_MaP
R,7mlx,7c6d580917be,2A3_MaP
R,7mlx,d430078d40c6,2A3_MaP
R,7mlx,c6a0bece7083,2A3_MaP
R,7mlx,65b899ced61b,2A3_MaP
R,7mlx,7488fb9a856e,2A3_MaP
R,7mlx,c290bb453bbb,2A3_MaP
R,7mlx,57bcccefa395,2A3_MaP
R,7mlx,07d6bbef38a1,2A3_MaP
R,7mlx,bb9eee681b9f,2A3_MaP
R,7mlx,3f4b4f53a262,2A3_MaP
R,7mlx,0cc0bfa4c456,2A3_MaP
R,7mlx,cd71caf9b5a8,2A3_MaP
R,7mlx,2b364ac04c97,2A3_MaP
R,7mlx,a200178e3dae,2A3_MaP
R,7mlx,de7c7cd82a87,2A3_MaP
R,7mlx,879664040804,2A3_MaP
R,7mlx,3f647eb9f07a,2A3_MaP
R,7mlx,957948535414,2A3_MaP
R,7mlx,5c3d9acb008d,2A3_MaP
R,7mlx,14f0d6a30ddc,2A3_MaP
R,7mlx,9dfed8b0202f,2A3_MaP
R,7mlx,2f67f70223db,2A3_MaP
R,7mlx,f0dae7b3c1ac,2A3_MaP
R,7mlx,178c35146d9a,2A3_MaP
R,7mlx,036eb6b002ac,2A3_MaP
R,7mlx,04cc7866acab,2A3_MaP
R,7mlx,36c8139d9d61,2A3_MaP
R,7mlx,d1ca4020ae2e,2A3_MaP
R,7mlx,cbc0a792b923,2A3_MaP
R,7mlx,e3d172e59c88,2A3_MaP
R,7mlx,7076604a6cdb,2A3_MaP
R,7mlx,7d6a60219243,2A3_MaP
R,7mlx,4517daf330f4,2A3_MaP
R,7mlx,7323550305aa,2A3_MaP
R,7mlx,529ee8436650,2A3_MaP
R,7mlx,e977ec3b48cd,2A3_MaP
R,7mlx,cc3b086d8b3e,2A3_MaP
R,7mlx,94ff05fa5adf,2A3_MaP
R,7mlx,f8651e533393,2A3_MaP
R,7mlx,ebf5efcc48d9,2A3_MaP
R,7mlx,750c7de0ca76,2A3_MaP
R,7mlx,2144bd480717,2A3_MaP
R,7mlx,00d1a51ac800,2A3_MaP
R,7mlx,57b001fe2e9b,2A3_MaP
R,7mlx,aa68623a8335,DMS_MaP
R,7mlx,e5a2b11d8c63,DMS_MaP
R,7mlx,6243581e5889,DMS_MaP
R,7mlx,5145813fefdd,DMS_MaP
R,7mlx,04bd7b72e621,DMS_MaP
R,7mlx,f57b379eeb41,DMS_MaP
R,7mlx,b5b1601d94f2,DMS_MaP
R,7mlx,a5795afc6c29,DMS_MaP
R,7mlx,7229dfea5882,DMS_MaP
R,7mlx,a1d3e1a099b9,DMS_MaP
R,7mlx,8a8883eb4a2a,DMS_MaP
R,7mlx,94040fafac40,DMS_MaP
R,7mlx,eac2431c7800,DMS_MaP
R,7mlx,af85482ccf50,DMS_MaP
R,7mlx,eddfdd2ff60a,DMS_MaP
R,7mlx,a78aa65025ef,DMS_MaP
R,7mlx,0c1dd8a73808,DMS_MaP
R,7mlx,98ed35d70213,DMS_MaP
R,7mlx,9a9fb43a76d7,DMS_MaP
R,7mlx,a7f396de7262,DMS_MaP
R,7mlx,da8bbb4e77b4,DMS_MaP
R,7mlx,9db28188c2bc,DMS_MaP
R,7mlx,69b17aa9eda1,DMS_MaP
R,7mlx,d816957b8539,DMS_MaP
R,7mlx,13f2d2211170,DMS_MaP
R,7mlx,0aa16a344245,DMS_MaP
R,7mlx,4626a8f0939b,DMS_MaP
R,7mlx,a3b50d7dc94d,DMS_MaP
R,7mlx,20512c089ef1,DMS_MaP
R,7mlx,b0001fc47c13,DMS_MaP
R,7mlx,523edea58a7c,DMS_MaP
R,7mlx,6192c3055fcb,DMS_MaP
R,7mlx,c508258c8dec,DMS_MaP
R,7mlx,651ad2a70e77,DMS_MaP
R,7mlx,0db77274b9b3,DMS_MaP
R,7mlx,f766bf6aec94,DMS_MaP
R,7mlx,7e1f2f312263,DMS_MaP
R,7mlx,a068325feef3,DMS_MaP
R,7mlx,8fd54049f690,DMS_MaP
R,7mlx,1750063f9ec3,DMS_MaP
R,7mlx,75b70fedd1f9,DMS_MaP
R,7mlx,261462e1e4ad,DMS_MaP
R,7mlx,e0d73ad87142,DMS_MaP
R,7mlx,38decf2e85d9,DMS_MaP
R,7mlx,bcad5bf54f27,DMS_MaP
R,7mlx,75ceffc8176b,DMS_MaP
R,7mlx,f2d2115b1638,DMS_MaP
R,7mlx,79640bfa9fe4,DMS_MaP
R,7mlx,08e68e180986,DMS_MaP
R,7mlx,62149fdc635e,DMS_MaP
R,7mlx,4c4ff9243c85,DMS_MaP
R,7mlx,51c6a3a5e4fe,DMS_MaP
R,7mlx,20f9bf917e2c,DMS_MaP
R,7mlx,2cac44966667,DMS_MaP
R,7mlx,7c6d580917be,DMS_MaP
R,7mlx,d430078d40c6,DMS_MaP
R,7mlx,931bb10f87f5,DMS_MaP
R,7mlx,c6a0bece7083,DMS_MaP
R,7mlx,65b899ced61b,DMS_MaP
R,7mlx,d03516a7e82e,DMS_MaP
R,7mlx,7488fb9a856e,DMS_MaP
R,7mlx,c502ec9db944,DMS_MaP
R,7mlx,c290bb453bbb,DMS_MaP
R,7mlx,57bcccefa395,DMS_MaP
R,7mlx,d99caaf9c149,DMS_MaP
R,7mlx,07d6bbef38a1,DMS_MaP
R,7mlx,5f91935477dc,DMS_MaP
R,7mlx,ac4c3889b595,DMS_MaP
R,7mlx,bb9eee681b9f,DMS_MaP
R,7mlx,950e03ad211f,DMS_MaP
R,7mlx,582c36f03a94,DMS_MaP
R,7mlx,450987dbc8d5,DMS_MaP
R,7mlx,d15c54e3e86e,DMS_MaP
R,7mlx,3f43a27f7081,DMS_MaP
R,7mlx,3f4b4f53a262,DMS_MaP
R,7mlx,0cc0bfa4c456,DMS_MaP
R,7mlx,cd71caf9b5a8,DMS_MaP
R,7mlx,a7d8b4f69844,DMS_MaP
R,7mlx,cbcf880521e3,DMS_MaP
R,7mlx,2b364ac04c97,DMS_MaP
R,7mlx,c413ea3cba73,DMS_MaP
R,7mlx,0a1b9e40b676,DMS_MaP
R,7mlx,3be5e54f55f3,DMS_MaP
R,7mlx,a200178e3dae,DMS_MaP
R,7mlx,de7c7cd82a87,DMS_MaP
R,7mlx,879664040804,DMS_MaP
R,7mlx,165ddf085065,DMS_MaP
R,7mlx,3f647eb9f07a,DMS_MaP
R,7mlx,957948535414,DMS_MaP
R,7mlx,bbdd795eb2c4,DMS_MaP
R,7mlx,8b0f7ba786bc,DMS_MaP
R,7mlx,22083d1b9f74,DMS_MaP
R,7mlx,cacc7e5c7087,DMS_MaP
R,7mlx,5c3d9acb008d,DMS_MaP
R,7mlx,14f0d6a30ddc,DMS_MaP
R,7mlx,2dc6ba8d01b6,DMS_MaP
R,7mlx,9dfed8b0202f,DMS_MaP
R,7mlx,8d682ba6377f,DMS_MaP
R,7mlx,1b3d1bdc02c9,DMS_MaP
R,7mlx,6bfc1ee3bd26,DMS_MaP
R,7mlx,02fb643e3609,DMS_MaP
R,7mlx,2f67f70223db,DMS_MaP
R,7mlx,3081590090a2,DMS_MaP
R,7mlx,a88a54620e68,DMS_MaP
R,7mlx,d115158fc896,DMS_MaP
R,7mlx,f0dae7b3c1ac,DMS_MaP
R,7mlx,1dcab4a83692,DMS_MaP
R,7mlx,6bcdd0f010f9,DMS_MaP
R,7mlx,2317000e8670,DMS_MaP
R,7mlx,178c35146d9a,DMS_MaP
R,7mlx,036eb6b002ac,DMS_MaP
R,7mlx,ee9aab454dcd,DMS_MaP
R,7mlx,04cc7866acab,DMS_MaP
R,7mlx,1f2df474a1c9,DMS_MaP
R,7mlx,36c8139d9d61,DMS_MaP
R,7mlx,21cdcc719e84,DMS_MaP
R,7mlx,5302b158d299,DMS_MaP
R,7mlx,d1ca4020ae2e,DMS_MaP
R,7mlx,cbc0a792b923,DMS_MaP
R,7mlx,e3d172e59c88,DMS_MaP
R,7mlx,7076604a6cdb,DMS_MaP
R,7mlx,7d6a60219243,DMS_MaP
R,7mlx,4517daf330f4,DMS_MaP
R,7mlx,c44fe2d24103,DMS_MaP
R,7mlx,7323550305aa,DMS_MaP
R,7mlx,529ee8436650,DMS_MaP
R,7mlx,e977ec3b48cd,DMS_MaP
R,7mlx,cc3b086d8b3e,DMS_MaP
R,7mlx,94ff05fa5adf,DMS_MaP
R,7mlx,456de9ecb854,DMS_MaP
R,7mlx,f8651e533393,DMS_MaP
R,7mlx,7fa63da425bb,DMS_MaP
R,7mlx,ebf5efcc48d9,DMS_MaP
R,7mlx,750c7de0ca76,DMS_MaP
R,7mlx,2144bd480717,DMS_MaP
R,7mlx,00d1a51ac800,DMS_MaP
R,7mlx,57b001fe2e9b,DMS_MaP
R,7mlx,55c64feb19ef,2A3_MaP
R,7mlx,480a57bf51a8,2A3_MaP
R,7mlx,23f5d92e8cb8,2A3_MaP
R,7mlx,55c64feb19ef,DMS_MaP
R,7mlx,8593fe2dd8cf,2A3_MaP
R,7mlx,0cd20d5b78ca,2A3_MaP
R,7mlx,756b287b0322,2A3_MaP
R,7mlx,a1f2799a2970,2A3_MaP
R,7mlx,cedfac810e72,2A3_MaP
R,7mlx,95e506542418,2A3_MaP
R,7mlx,ce4567716e12,2A3_MaP
R,7mlx,6ceb1bf4600d,2A3_MaP
R,7mlx,a33c8d894606,2A3_MaP
R,7mlx,db8aaf6319df,2A3_MaP
R,7mlx,7f90d780b090,2A3_MaP
R,7mlx,effcc7ec9f6a,2A3_MaP
R,7mlx,d048978d7944,2A3_MaP
R,7mlx,91c58eeea467,2A3_MaP
R,7mlx,f5f1d73d7762,2A3_MaP
R,7mlx,019bb7082bb9,2A3_MaP
R,7mlx,a3ecc4c010d9,2A3_MaP
R,7mlx,644359509a46,2A3_MaP
R,7mlx,c64a00cba2ba,2A3_MaP
R,7mlx,fead089a7bb6,2A3_MaP
R,7mlx,4283204fa140,2A3_MaP
R,7mlx,1cdc1eb24c84,2A3_MaP
R,7mlx,9958f6b041eb,2A3_MaP
R,7mlx,d8e7d7ca6e75,2A3_MaP
R,7mlx,22d37d48c285,2A3_MaP
R,7mlx,c75655b834e1,2A3_MaP
R,7mlx,d1d56a99ca8f,2A3_MaP
R,7mlx,d35c0698a62e,2A3_MaP
R,7mlx,bdc0cdbf5c21,2A3_MaP
R,7mlx,fe3c26c13bdb,2A3_MaP
R,7mlx,b9036a3f682a,2A3_MaP
R,7mlx,5027cd22ff87,2A3_MaP
R,7mlx,b34fe28d0aa9,2A3_MaP
R,7mlx,7990e6cb5a95,2A3_MaP
R,7mlx,3ffc899fdb78,2A3_MaP
R,7mlx,f147d7eb43eb,2A3_MaP
R,7mlx,b04becce3de0,2A3_MaP
R,7mlx,6ac34e00ec1d,2A3_MaP
R,7mlx,d29510b8dd4a,2A3_MaP
R,7mlx,02a6256c4d13,2A3_MaP
R,7mlx,f3d337683dcb,2A3_MaP
R,7mlx,fa46a504a4f4,2A3_MaP
R,7mlx,acab4ee46e57,2A3_MaP
R,7mlx,47fd80633761,2A3_MaP
R,7mlx,78ff06ceef07,2A3_MaP
R,7mlx,5599b1bd00ca,2A3_MaP
R,7mlx,90c4d75f8941,2A3_MaP
R,7mlx,c1acf5e99b26,2A3_MaP
R,7mlx,6141b3f75bea,2A3_MaP
R,7mlx,a9ee3ff71222,2A3_MaP
R,7mlx,3fb43db95fa1,2A3_MaP
R,7mlx,85bdb75af91a,2A3_MaP
R,7mlx,b7c3fd5bc741,2A3_MaP
R,7mlx,8671d14d87d0,2A3_MaP
R,7mlx,f97d290cc2db,2A3_MaP
R,7mlx,355efea17272,2A3_MaP
R,7mlx,9b62ee0c3733,2A3_MaP
R,7mlx,25dd5bd3336b,2A3_MaP
R,7mlx,ce2c57743440,2A3_MaP
R,7mlx,91d7d16c3440,2A3_MaP
R,7mlx,da828c6e9fbc,2A3_MaP
R,7mlx,c3c2502a9fd7,2A3_MaP
R,7mlx,88f2d5f62268,2A3_MaP
R,7mlx,22c4ee49b467,2A3_MaP
R,7mlx,a944858dafcb,2A3_MaP
R,7mlx,a82460cffeb7,2A3_MaP
R,7mlx,2d5f117a4035,2A3_MaP
R,7mlx,564b8f58216e,2A3_MaP
R,7mlx,d797a0e5d6cb,2A3_MaP
R,7mlx,9eda3706b6f3,2A3_MaP
R,7mlx,0e18c00ec9bb,2A3_MaP
R,7mlx,d2cc6dd802b7,2A3_MaP
R,7mlx,5665dd9a71bc,2A3_MaP
R,7mlx,3741d4ac2816,2A3_MaP
R,7mlx,078e9997f061,2A3_MaP
R,7mlx,bfabc21d3c2b,2A3_MaP
R,7mlx,01d84c3e3a67,2A3_MaP
R,7mlx,5ecde4c40815,2A3_MaP
R,7mlx,92491ac4e77a,2A3_MaP
R,7mlx,5a1b96932094,2A3_MaP
R,7mlx,28ccb1d31447,2A3_MaP
R,7mlx,e5445399a1b4,2A3_MaP
R,7mlx,4012d5afe215,2A3_MaP
R,7mlx,0252e11c5caa,2A3_MaP
R,7mlx,854ecb38f3ed,2A3_MaP
R,7mlx,35325b5dc534,2A3_MaP
R,7mlx,991dd974eb36,2A3_MaP
R,7mlx,bc07bed81c73,2A3_MaP
R,7mlx,c9d12b50d4b5,2A3_MaP
R,7mlx,b9ccf3c37b53,2A3_MaP
R,7mlx,acc82100597d,2A3_MaP
R,7mlx,29a102ade52e,2A3_MaP
R,7mlx,4478eb93457c,2A3_MaP
R,7mlx,1e7d3d32d513,2A3_MaP
R,7mlx,c90cbe2eff36,2A3_MaP
R,7mlx,e36cfa42e5bb,2A3_MaP
R,7mlx,c32e3f683c4b,2A3_MaP
R,7mlx,080d676a7c32,2A3_MaP
R,7mlx,aa60e379f209,2A3_MaP
R,7mlx,852cdfd53022,2A3_MaP
R,7mlx,f60025b3b37d,2A3_MaP
R,7mlx,98bf3cd449df,2A3_MaP
R,7mlx,c7d30e9a9f5b,2A3_MaP
R,7mlx,b8a56b1d0197,2A3_MaP
R,7mlx,3fde70c196a3,2A3_MaP
R,7mlx,7dd6e086c148,2A3_MaP
R,7mlx,b072f11e5a2d,2A3_MaP
R,7mlx,6396fabccb99,2A3_MaP
R,7mlx,cd6da855e0eb,2A3_MaP
R,7mlx,8dea791967e2,2A3_MaP
R,7mlx,8593fe2dd8cf,DMS_MaP
R,7mlx,756b287b0322,DMS_MaP
R,7mlx,a1f2799a2970,DMS_MaP
R,7mlx,cedfac810e72,DMS_MaP
R,7mlx,95e506542418,DMS_MaP
R,7mlx,ce4567716e12,DMS_MaP
R,7mlx,6ceb1bf4600d,DMS_MaP
R,7mlx,a33c8d894606,DMS_MaP
R,7mlx,effcc7ec9f6a,DMS_MaP
R,7mlx,d048978d7944,DMS_MaP
R,7mlx,019bb7082bb9,DMS_MaP
R,7mlx,c64a00cba2ba,DMS_MaP
R,7mlx,fead089a7bb6,DMS_MaP
R,7mlx,4283204fa140,DMS_MaP
R,7mlx,22d37d48c285,DMS_MaP
R,7mlx,c75655b834e1,DMS_MaP
R,7mlx,d1d56a99ca8f,DMS_MaP
R,7mlx,bdc0cdbf5c21,DMS_MaP
R,7mlx,fe3c26c13bdb,DMS_MaP
R,7mlx,b9036a3f682a,DMS_MaP
R,7mlx,5027cd22ff87,DMS_MaP
R,7mlx,7990e6cb5a95,DMS_MaP
R,7mlx,02a6256c4d13,DMS_MaP
R,7mlx,f3d337683dcb,DMS_MaP
R,7mlx,fa46a504a4f4,DMS_MaP
R,7mlx,acab4ee46e57,DMS_MaP
R,7mlx,47fd80633761,DMS_MaP
R,7mlx,78ff06ceef07,DMS_MaP
R,7mlx,c1acf5e99b26,DMS_MaP
R,7mlx,6141b3f75bea,DMS_MaP
R,7mlx,a9ee3ff71222,DMS_MaP
R,7mlx,3fb43db95fa1,DMS_MaP
R,7mlx,85bdb75af91a,DMS_MaP
R,7mlx,b7c3fd5bc741,DMS_MaP
R,7mlx,8671d14d87d0,DMS_MaP
R,7mlx,355efea17272,DMS_MaP
R,7mlx,9b62ee0c3733,DMS_MaP
R,7mlx,25dd5bd3336b,DMS_MaP
R,7mlx,91d7d16c3440,DMS_MaP
R,7mlx,da828c6e9fbc,DMS_MaP
R,7mlx,c3c2502a9fd7,DMS_MaP
R,7mlx,88f2d5f62268,DMS_MaP
R,7mlx,a944858dafcb,DMS_MaP
R,7mlx,a82460cffeb7,DMS_MaP
R,7mlx,0e18c00ec9bb,DMS_MaP
R,7mlx,078e9997f061,DMS_MaP
R,7mlx,01d84c3e3a67,DMS_MaP
R,7mlx,5ecde4c40815,DMS_MaP
R,7mlx,92491ac4e77a,DMS_MaP
R,7mlx,e5445399a1b4,DMS_MaP
R,7mlx,0252e11c5caa,DMS_MaP
R,7mlx,854ecb38f3ed,DMS_MaP
R,7mlx,35325b5dc534,DMS_MaP
R,7mlx,bc07bed81c73,DMS_MaP
R,7mlx,c9d12b50d4b5,DMS_MaP
R,7mlx,b9ccf3c37b53,DMS_MaP
R,7mlx,acc82100597d,DMS_MaP
R,7mlx,4478eb93457c,DMS_MaP
R,7mlx,1e7d3d32d513,DMS_MaP
R,7mlx,c90cbe2eff36,DMS_MaP
R,7mlx,c32e3f683c4b,DMS_MaP
R,7mlx,080d676a7c32,DMS_MaP
R,7mlx,aa60e379f209,DMS_MaP
R,7mlx,852cdfd53022,DMS_MaP
R,7mlx,98bf3cd449df,DMS_MaP
R,7mlx,c7d30e9a9f5b,DMS_MaP
R,7mlx,b072f11e5a2d,DMS_MaP
R,7mlx,6396fabccb99,DMS_MaP
R,7mlx,cd6da855e0eb,DMS_MaP
R,7mlx,8dea791967e2,DMS_MaP
R,7mlx,822c1da71fbb,2A3_MaP
R,7mlx,fbff6af4c03b,2A3_MaP
R,7mlx,1ed278d832ca,2A3_MaP
R,7mlx,fcb27f94fc71,2A3_MaP
R,7mlx,d73409924cc4,2A3_MaP
R,7mlx,1e8dc240fe27,2A3_MaP
R,7mlx,d966ee35db14,2A3_MaP
R,7mlx,a333beb87f6c,2A3_MaP
R,7mlx,5f2a358a6570,2A3_MaP
R,7mlx,6970a92368de,2A3_MaP
R,7mlx,a5ffcf7f2df3,2A3_MaP
R,7mlx,23567fbc019f,2A3_MaP
R,7mlx,cd7bdf7944ec,2A3_MaP
R,7mlx,5fb1e6384e63,2A3_MaP
R,7mlx,97b20c93afd8,2A3_MaP
R,7mlx,1dc9b3c97ef2,2A3_MaP
R,7mlx,822c1da71fbb,DMS_MaP
R,7mlx,fbff6af4c03b,DMS_MaP
R,7mlx,1ed278d832ca,DMS_MaP
R,7mlx,fcb27f94fc71,DMS_MaP
R,7mlx,d73409924cc4,DMS_MaP
R,7mlx,1e8dc240fe27,DMS_MaP
R,7mlx,d966ee35db14,DMS_MaP
R,7mlx,a333beb87f6c,DMS_MaP
R,7mlx,5f2a358a6570,DMS_MaP
R,7mlx,6970a92368de,DMS_MaP
R,7mlx,a5ffcf7f2df3,DMS_MaP
R,7mlx,23567fbc019f,DMS_MaP
R,7mlx,cd7bdf7944ec,DMS_MaP
R,7mlx,97b20c93afd8,DMS_MaP
R,7mlx,1dc9b3c97ef2,DMS_MaP
C,1mms,4c21f0d63667,2A3_MaP
C,1mms,c657bcc8529e,2A3_MaP
C,1mms,d8379f56b1f6,2A3_MaP
C,1mms,a15b6a972fed,2A3_MaP
C,1mms,d9c1d2950cc0,2A3_MaP
C,1mms,54e93c4c17cc,2A3_MaP
C,1mms,cf25a201fe68,2A3_MaP
C,1mms,8cc813cd8944,2A3_MaP
C,1mms,5478e97a4189,2A3_MaP
C,1mms,d4630f39aeed,2A3_MaP
C,1mms,529d64036de9,2A3_MaP
C,1mms,6f60083b7c6c,2A3_MaP
C,1mms,70e0ab784e9c,2A3_MaP
C,1mms,c43af1f5be8f,2A3_MaP
C,1mms,8ab58a0eed97,2A3_MaP
C,1mms,480918ae931f,2A3_MaP
C,1mms,f474e0477f1f,2A3_MaP
C,1mms,c178340af2e8,2A3_MaP
C,1mms,4c21f0d63667,DMS_MaP
C,1mms,c657bcc8529e,DMS_MaP
C,1mms,238ccce9f019,DMS_MaP
C,1mms,e505c426f733,DMS_MaP
C,1mms,401a80391783,DMS_MaP
C,1mms,0765d663b7e6,DMS_MaP
C,1mms,40f4d481f4e6,DMS_MaP
C,1mms,d8379f56b1f6,DMS_MaP
C,1mms,3753eb584edb,DMS_MaP
C,1mms,3bcbf91af75b,DMS_MaP
C,1mms,a15b6a972fed,DMS_MaP
C,1mms,b2525b9881b8,DMS_MaP
C,1mms,d9c1d2950cc0,DMS_MaP
C,1mms,82010e6888e3,DMS_MaP
C,1mms,54e93c4c17cc,DMS_MaP
C,1mms,cf25a201fe68,DMS_MaP
C,1mms,8cc813cd8944,DMS_MaP
C,1mms,5478e97a4189,DMS_MaP
C,1mms,d4630f39aeed,DMS_MaP
C,1mms,dd841e143c5b,DMS_MaP
C,1mms,529d64036de9,DMS_MaP
C,1mms,6f60083b7c6c,DMS_MaP
C,1mms,70e0ab784e9c,DMS_MaP
C,1mms,c43af1f5be8f,DMS_MaP
C,1mms,d4ba85dac318,DMS_MaP
C,1mms,8ab58a0eed97,DMS_MaP
C,1mms,4107750f454d,DMS_MaP
C,1mms,fcbc9a3e36c9,DMS_MaP
C,1mms,480918ae931f,DMS_MaP
C,1mms,c178340af2e8,DMS_MaP
C,1mms,e668f17b760f,DMS_MaP
C,1mms,6e8faea5d55a,2A3_MaP
C,1mms,e580b3be306f,2A3_MaP
C,1mms,709674c52130,2A3_MaP
C,1mms,6a5805ce3d68,2A3_MaP
C,1mms,dc29e681730b,2A3_MaP
C,1mms,f5a72e974aaf,2A3_MaP
C,1mms,05c6afb16c9d,2A3_MaP
C,1mms,6f785cd67a67,2A3_MaP
C,1mms,6d26922a6d65,2A3_MaP
C,1mms,a63aa7fe6b75,2A3_MaP
C,1mms,7014326a44ec,2A3_MaP
C,1mms,554ca6ce73b7,2A3_MaP
C,1mms,98a65a65abb8,2A3_MaP
C,1mms,ea7b0f9e3b6c,2A3_MaP
C,1mms,bd70c12d6173,2A3_MaP
C,1mms,3e35f03aca19,2A3_MaP
C,1mms,65d704b4c14f,2A3_MaP
C,1mms,9626e4824efc,2A3_MaP
C,1mms,1d552380fc44,DMS_MaP
C,1mms,6e8faea5d55a,DMS_MaP
C,1mms,e580b3be306f,DMS_MaP
C,1mms,709674c52130,DMS_MaP
C,1mms,6a5805ce3d68,DMS_MaP
C,1mms,dc29e681730b,DMS_MaP
C,1mms,f5a72e974aaf,DMS_MaP
C,1mms,89d5627efed4,DMS_MaP
C,1mms,7a7a8d925211,DMS_MaP
C,1mms,51bccec26524,DMS_MaP
C,1mms,05c6afb16c9d,DMS_MaP
C,1mms,6f785cd67a67,DMS_MaP
C,1mms,125f102d5d23,DMS_MaP
C,1mms,2eeca1fbf5aa,DMS_MaP
C,1mms,6d26922a6d65,DMS_MaP
C,1mms,a63aa7fe6b75,DMS_MaP
C,1mms,3c98884f195a,DMS_MaP
C,1mms,7014326a44ec,DMS_MaP
C,1mms,554ca6ce73b7,DMS_MaP
C,1mms,98a65a65abb8,DMS_MaP
C,1mms,ea7b0f9e3b6c,DMS_MaP
C,1mms,bd70c12d6173,DMS_MaP
C,1mms,3e35f03aca19,DMS_MaP
C,1mms,65d704b4c14f,DMS_MaP
C,1mms,0b6a09532979,DMS_MaP
C,1mms,9626e4824efc,DMS_MaP
C,1mms,42ed43890d9b,2A3_MaP
C,1mms,42ed43890d9b,DMS_MaP
C,1mms,5c465cb185bb,2A3_MaP
C,1mms,5c465cb185bb,DMS_MaP
A,5nwq,5b7bc57d072b,2A3_MaP
A,5nwq,0c9487924777,2A3_MaP
A,5nwq,5b7bc57d072b,DMS_MaP
A,5nwq,0c9487924777,DMS_MaP
A,5nwq,70e8dd66b424,2A3_MaP
A,5nwq,c9a911dc472a,2A3_MaP
A,5nwq,9f5496d68ed4,2A3_MaP
A,5nwq,dbd398f81c5d,2A3_MaP
A,5nwq,fabf72dbbaa7,2A3_MaP
A,5nwq,0a533c178c85,2A3_MaP
A,5nwq,a71ed70d6a1a,2A3_MaP
A,5nwq,96ded15c049a,2A3_MaP
A,5nwq,700cf01cff80,2A3_MaP
A,5nwq,0fd9b70b6603,2A3_MaP
A,5nwq,a61f82c60dff,2A3_MaP
A,5nwq,b0576c7a336a,2A3_MaP
A,5nwq,1e71aae24e68,2A3_MaP
A,5nwq,b6ddfe1a8c1b,2A3_MaP
A,5nwq,6ebd8388704c,2A3_MaP
A,5nwq,70b8532ac755,2A3_MaP
A,5nwq,dd6b464bf122,2A3_MaP
A,5nwq,e66c397fbf62,2A3_MaP
A,5nwq,9477fe2f2cbd,2A3_MaP
A,5nwq,f0e5eab5c892,2A3_MaP
A,5nwq,f549a36dbc9c,2A3_MaP
A,5nwq,03349c99d4b6,2A3_MaP
A,5nwq,07da76c07038,2A3_MaP
A,5nwq,9cecdb983ba6,2A3_MaP
A,5nwq,baddcb881eb5,2A3_MaP
A,5nwq,e3e4e2191707,2A3_MaP
A,5nwq,3b1deebe013e,2A3_MaP
A,5nwq,ef13d4960070,2A3_MaP
A,5nwq,242bde81bfe3,2A3_MaP
A,5nwq,e024ce82bae5,2A3_MaP
A,5nwq,a718bae0280b,2A3_MaP
A,5nwq,9851231798ba,2A3_MaP
A,5nwq,57dfa5e62ac0,2A3_MaP
A,5nwq,8fd5e1a46864,2A3_MaP
A,5nwq,70e8dd66b424,DMS_MaP
A,5nwq,c9a911dc472a,DMS_MaP
A,5nwq,1c2d4f02246e,DMS_MaP
A,5nwq,aaa4e1524f4b,DMS_MaP
A,5nwq,9f5496d68ed4,DMS_MaP
A,5nwq,dbd398f81c5d,DMS_MaP
A,5nwq,fabf72dbbaa7,DMS_MaP
A,5nwq,4dc82eb6363f,DMS_MaP
A,5nwq,0a533c178c85,DMS_MaP
A,5nwq,a71ed70d6a1a,DMS_MaP
A,5nwq,96ded15c049a,DMS_MaP
A,5nwq,700cf01cff80,DMS_MaP
A,5nwq,0fd9b70b6603,DMS_MaP
A,5nwq,a61f82c60dff,DMS_MaP
A,5nwq,b0576c7a336a,DMS_MaP
A,5nwq,e308f6d43aa0,DMS_MaP
A,5nwq,1e71aae24e68,DMS_MaP
A,5nwq,b6ddfe1a8c1b,DMS_MaP
A,5nwq,6ebd8388704c,DMS_MaP
A,5nwq,0e4d6a59aeb7,DMS_MaP
A,5nwq,70b8532ac755,DMS_MaP
A,5nwq,dd6b464bf122,DMS_MaP
A,5nwq,e66c397fbf62,DMS_MaP
A,5nwq,9477fe2f2cbd,DMS_MaP
A,5nwq,f0e5eab5c892,DMS_MaP
A,5nwq,f981ce826bd3,DMS_MaP
A,5nwq,887a15976d9f,DMS_MaP
A,5nwq,f549a36dbc9c,DMS_MaP
A,5nwq,03349c99d4b6,DMS_MaP
A,5nwq,07da76c07038,DMS_MaP
A,5nwq,9cecdb983ba6,DMS_MaP
A,5nwq,baddcb881eb5,DMS_MaP
A,5nwq,f9f16f1783c1,DMS_MaP
A,5nwq,e3e4e2191707,DMS_MaP
A,5nwq,3b1deebe013e,DMS_MaP
A,5nwq,ef13d4960070,DMS_MaP
A,5nwq,242bde81bfe3,DMS_MaP
A,5nwq,e024ce82bae5,DMS_MaP
A,5nwq,a718bae0280b,DMS_MaP
A,5nwq,9851231798ba,DMS_MaP
A,5nwq,57dfa5e62ac0,DMS_MaP
A,5nwq,8fd5e1a46864,DMS_MaP
A,5nwq,7b630c14cc51,2A3_MaP
A,5nwq,07f20ef5d8bd,2A3_MaP
A,5nwq,cdba685e4b08,2A3_MaP
A,5nwq,7b630c14cc51,DMS_MaP
A,5nwq,07f20ef5d8bd,DMS_MaP
A,5nwq,cdba685e4b08,DMS_MaP
A,5d8h,cf25a201fe68,2A3_MaP
A,5d8h,8cc813cd8944,2A3_MaP
A,5d8h,d4630f39aeed,2A3_MaP
A,5d8h,8ab58a0eed97,2A3_MaP
A,5d8h,c178340af2e8,2A3_MaP
A,5d8h,238ccce9f019,DMS_MaP
A,5d8h,e505c426f733,DMS_MaP
A,5d8h,401a80391783,DMS_MaP
A,5d8h,cf25a201fe68,DMS_MaP
A,5d8h,8cc813cd8944,DMS_MaP
A,5d8h,d4630f39aeed,DMS_MaP
A,5d8h,d4ba85dac318,DMS_MaP
A,5d8h,8ab58a0eed97,DMS_MaP
A,5d8h,c178340af2e8,DMS_MaP
A,5d8h,e668f17b760f,DMS_MaP
A,5d8h,6e8faea5d55a,2A3_MaP
A,5d8h,709674c52130,2A3_MaP
A,5d8h,6a5805ce3d68,2A3_MaP
A,5d8h,4448eac3c108,2A3_MaP
A,5d8h,057405252145,2A3_MaP
A,5d8h,6395b40dd5ed,2A3_MaP
A,5d8h,64098bec93b7,2A3_MaP
A,5d8h,05c6afb16c9d,2A3_MaP
A,5d8h,6d26922a6d65,2A3_MaP
A,5d8h,a63aa7fe6b75,2A3_MaP
A,5d8h,929dc5ab6c83,2A3_MaP
A,5d8h,ea7b0f9e3b6c,2A3_MaP
A,5d8h,9626e4824efc,2A3_MaP
A,5d8h,1d552380fc44,DMS_MaP
A,5d8h,6e8faea5d55a,DMS_MaP
A,5d8h,709674c52130,DMS_MaP
A,5d8h,6a5805ce3d68,DMS_MaP
A,5d8h,4448eac3c108,DMS_MaP
A,5d8h,057405252145,DMS_MaP
A,5d8h,6395b40dd5ed,DMS_MaP
A,5d8h,64098bec93b7,DMS_MaP
A,5d8h,89d5627efed4,DMS_MaP
A,5d8h,7a7a8d925211,DMS_MaP
A,5d8h,51bccec26524,DMS_MaP
A,5d8h,05c6afb16c9d,DMS_MaP
A,5d8h,125f102d5d23,DMS_MaP
A,5d8h,6d26922a6d65,DMS_MaP
A,5d8h,a63aa7fe6b75,DMS_MaP
A,5d8h,3c98884f195a,DMS_MaP
A,5d8h,e693eb1f65a4,DMS_MaP
A,5d8h,929dc5ab6c83,DMS_MaP
A,5d8h,ea7b0f9e3b6c,DMS_MaP
A,5d8h,0b6a09532979,DMS_MaP
A,5d8h,9626e4824efc,DMS_MaP
A,5d8h,42ed43890d9b,2A3_MaP
A,5d8h,42ed43890d9b,DMS_MaP
B,5gah,e7d4a109bf6e,2A3_MaP
B,5gah,889a28941fba,2A3_MaP
B,5gah,e7d4a109bf6e,DMS_MaP
B,5gah,889a28941fba,DMS_MaP
1,5gah,221155dbb5e3,2A3_MaP
B,5gah,53f1b3f8736c,2A3_MaP
B,5gah,d8565284f156,2A3_MaP
B,5gah,a005751a1f79,2A3_MaP
B,5gah,bf893c8eb034,2A3_MaP
B,5gah,f2d4663ea58e,2A3_MaP
B,5gah,81607ee360b3,2A3_MaP
B,5gah,2aa2a1c76efa,2A3_MaP
B,5gah,265808f34479,2A3_MaP
B,5gah,c70f3925ce7f,2A3_MaP
B,5gah,7db9cf3f110c,2A3_MaP
B,5gah,b9a66ad6d451,2A3_MaP
B,5gah,20af8b845b06,2A3_MaP
B,5gah,a934fe42ebc3,2A3_MaP
B,5gah,1bb6183e825f,2A3_MaP
B,5gah,612d37ac805e,2A3_MaP
B,5gah,fe163ebe90d9,2A3_MaP
B,5gah,be6742aeefe1,2A3_MaP
B,5gah,1c2fe91af441,2A3_MaP
1,5gah,6e6d527299a9,2A3_MaP
1,5gah,221155dbb5e3,DMS_MaP
B,5gah,53f1b3f8736c,DMS_MaP
B,5gah,d8565284f156,DMS_MaP
B,5gah,a005751a1f79,DMS_MaP
B,5gah,bf893c8eb034,DMS_MaP
B,5gah,f2d4663ea58e,DMS_MaP
B,5gah,81607ee360b3,DMS_MaP
B,5gah,2aa2a1c76efa,DMS_MaP
B,5gah,265808f34479,DMS_MaP
B,5gah,c70f3925ce7f,DMS_MaP
B,5gah,7db9cf3f110c,DMS_MaP
B,5gah,b9a66ad6d451,DMS_MaP
B,5gah,20af8b845b06,DMS_MaP
B,5gah,a934fe42ebc3,DMS_MaP
B,5gah,1bb6183e825f,DMS_MaP
B,5gah,612d37ac805e,DMS_MaP
B,5gah,fe163ebe90d9,DMS_MaP
B,5gah,be6742aeefe1,DMS_MaP
B,5gah,1c2fe91af441,DMS_MaP
1,5gah,6e6d527299a9,DMS_MaP
D,1il2,7c1a18acf880,2A3_MaP
D,1il2,81124c929a04,2A3_MaP
C,1il2,f08581e0e2dc,2A3_MaP
C,1il2,9908de1fe2a2,2A3_MaP
C,1il2,c27a51122dd4,2A3_MaP
C,1il2,1f575c3f509c,2A3_MaP
C,1il2,b331bb3c579b,2A3_MaP
C,1il2,f334d353aed8,2A3_MaP
C,1il2,89a05f26db15,2A3_MaP
C,1il2,ae38bc12ed7a,2A3_MaP
C,1il2,151f2239c414,2A3_MaP
D,1il2,7c1a18acf880,DMS_MaP
D,1il2,81124c929a04,DMS_MaP
C,1il2,9908de1fe2a2,DMS_MaP
C,1il2,c27a51122dd4,DMS_MaP
C,1il2,1f575c3f509c,DMS_MaP
C,1il2,b331bb3c579b,DMS_MaP
C,1il2,f334d353aed8,DMS_MaP
C,1il2,89a05f26db15,DMS_MaP
C,1il2,ae38bc12ed7a,DMS_MaP
3,5lzs,93bd4af4b9ec,2A3_MaP
3,5lzs,b429df4c0448,2A3_MaP
3,5lzs,c87fb123cdd6,2A3_MaP
3,5lzs,842d3501ff2b,2A3_MaP
3,5lzs,cb267e0b91c2,2A3_MaP
3,5lzs,3d0b457def19,2A3_MaP
3,5lzs,b429df4c0448,DMS_MaP
3,5lzs,842d3501ff2b,DMS_MaP
3,5lzs,3d0b457def19,DMS_MaP
3,5lzs,667d3555bdb6,2A3_MaP
3,5lzs,ea3f43f0efcc,2A3_MaP
3,5lzs,67153232cb2a,2A3_MaP
3,5lzs,8ba154a362b7,2A3_MaP
3,5lzs,667d3555bdb6,DMS_MaP
3,5lzs,ea3f43f0efcc,DMS_MaP
3,5lzs,67153232cb2a,DMS_MaP
3,5lzs,8ba154a362b7,DMS_MaP
3,6r5q,93bd4af4b9ec,2A3_MaP
3,6r5q,b429df4c0448,2A3_MaP
3,6r5q,c87fb123cdd6,2A3_MaP
3,6r5q,842d3501ff2b,2A3_MaP
3,6r5q,cb267e0b91c2,2A3_MaP
3,6r5q,3d0b457def19,2A3_MaP
3,6r5q,b429df4c0448,DMS_MaP
3,6r5q,842d3501ff2b,DMS_MaP
3,6r5q,3d0b457def19,DMS_MaP
3,6r5q,667d3555bdb6,2A3_MaP
3,6r5q,ea3f43f0efcc,2A3_MaP
3,6r5q,67153232cb2a,2A3_MaP
3,6r5q,8ba154a362b7,2A3_MaP
3,6r5q,667d3555bdb6,DMS_MaP
3,6r5q,ea3f43f0efcc,DMS_MaP
3,6r5q,67153232cb2a,DMS_MaP
3,6r5q,8ba154a362b7,DMS_MaP
A,5lys,ede4c75ed8b3,2A3_MaP
A,5lys,dbe8a7b3417f,2A3_MaP
A,5lys,988c77540559,2A3_MaP
A,5lys,ad56bc3317a2,2A3_MaP
A,5lys,f543129a18db,2A3_MaP
A,5lys,fb611c7556ed,2A3_MaP
A,5lys,30b2574126d3,2A3_MaP
A,5lys,ede4c75ed8b3,DMS_MaP
A,5lys,dbe8a7b3417f,DMS_MaP
A,5lys,988c77540559,DMS_MaP
A,5lys,ad56bc3317a2,DMS_MaP
A,5lys,f543129a18db,DMS_MaP
A,5lys,fb611c7556ed,DMS_MaP
A,5lys,30b2574126d3,DMS_MaP
B,6pmo,fbdfc02c93ad,2A3_MaP
B,6pmo,fbdfc02c93ad,DMS_MaP
B,6pmo,b79c5f652a35,2A3_MaP
B,6pmo,b79c5f652a35,DMS_MaP
A,6pmo,bc7e94e2aa03,2A3_MaP
B,6pmo,019143c67225,2A3_MaP
B,6pmo,9909bea61f3a,2A3_MaP
B,6pmo,ca6c7e9bc0b5,2A3_MaP
A,6pmo,bc7e94e2aa03,DMS_MaP
B,6pmo,019143c67225,DMS_MaP
B,6pmo,9909bea61f3a,DMS_MaP
B,6pmo,ca6c7e9bc0b5,DMS_MaP
A,3r4f,3b0e233baa25,2A3_MaP
A,3r4f,1222f08dc11b,2A3_MaP
A,3r4f,e8c53cf43210,2A3_MaP
A,3r4f,8f801aa51f38,2A3_MaP
A,3r4f,3b0e233baa25,DMS_MaP
A,3r4f,1222f08dc11b,DMS_MaP
A,3r4f,ba0e593bcce4,DMS_MaP
A,3r4f,e8c53cf43210,DMS_MaP
A,3r4f,8f801aa51f38,DMS_MaP
A,3npq,f65990994948,2A3_MaP
A,3npq,b016226c515b,2A3_MaP
A,3npq,f65990994948,DMS_MaP
A,3npq,aa07a926b4f3,2A3_MaP
A,3npq,d889613fde89,2A3_MaP
A,3npq,aa07a926b4f3,DMS_MaP
A,3npq,d889613fde89,DMS_MaP
A,3npq,df3b3eeff44c,2A3_MaP
8,8am9,0ddb53603606,2A3_MaP
8,8am9,3ef8235de6be,2A3_MaP
8,8am9,3442e5659909,2A3_MaP
8,8am9,752998d0ffa4,2A3_MaP
8,8am9,0ddb53603606,DMS_MaP
8,8am9,3ef8235de6be,DMS_MaP
8,8am9,3442e5659909,DMS_MaP
8,8am9,752998d0ffa4,DMS_MaP
5,6zym,3ae0b4e99519,2A3_MaP
5,6zym,becb93faaef2,2A3_MaP
5,6zym,3ae0b4e99519,DMS_MaP
5,6zym,becb93faaef2,DMS_MaP
5,6zym,92918ae385af,2A3_MaP
5,6zym,92918ae385af,DMS_MaP
6,6zym,500cb54204b7,DMS_MaP
Z,8r6c,0ddb53603606,2A3_MaP
Z,8r6c,3ef8235de6be,2A3_MaP
Z,8r6c,752998d0ffa4,2A3_MaP
Z,8r6c,0ddb53603606,DMS_MaP
Z,8r6c,3ef8235de6be,DMS_MaP
Z,8r6c,752998d0ffa4,DMS_MaP
C,8d9k,667d3555bdb6,2A3_MaP
C,8d9k,ea3f43f0efcc,2A3_MaP
C,8d9k,8ba154a362b7,2A3_MaP
C,8d9k,667d3555bdb6,DMS_MaP
C,8d9k,ea3f43f0efcc,DMS_MaP
C,8d9k,8ba154a362b7,DMS_MaP
1L,5el4,7fea9a979cf7,2A3_MaP
1L,5el4,7fea9a979cf7,DMS_MaP
1K,5el4,4782d6dcc75c,2A3_MaP
1K,5el4,4782d6dcc75c,DMS_MaP
A,5ml7,92c9363f5f45,2A3_MaP
A,5ml7,5a2d8f2a1857,DMS_MaP
A,5ml7,450ad0a03ddd,DMS_MaP
A,5ml7,92c9363f5f45,DMS_MaP
B,1l9a,6aff1f099a0d,2A3_MaP
B,1l9a,6aff1f099a0d,DMS_MaP
B,1l9a,c50bb803f9e7,DMS_MaP
7,7p6z,26ff4927412a,2A3_MaP
7,7p6z,26ff4927412a,DMS_MaP
K,3kfu,e8122c48cec9,2A3_MaP
K,3kfu,e8122c48cec9,DMS_MaP
a,8s1p,e9e39377e9ac,2A3_MaP
a,8s1p,e9e39377e9ac,DMS_MaP
A,6mj0,25cb16f3e1b7,2A3_MaP
A,6mj0,25cb16f3e1b7,DMS_MaP
1L,5ib8,4782d6dcc75c,2A3_MaP
1L,5ib8,4782d6dcc75c,DMS_MaP
4,7d6z,4782d6dcc75c,2A3_MaP
4,7d6z,4782d6dcc75c,DMS_MaP
A,6wzr,b0a98413a846,2A3_MaP
A,6wzr,b0a98413a846,DMS_MaP
E,7mdl,c8de0b7ba023,DMS_MaP
A,8k1e,34aa0be3e4a6,2A3_MaP
2,4v4j,4b4562c8db47,2A3_MaP
2,4v4j,81f59966f860,2A3_MaP
2,4v4j,806adc4ab4cf,2A3_MaP
2,4v4j,a4d65fc1e5a8,2A3_MaP
2,4v4j,3905b0287827,2A3_MaP
2,4v4j,9213d6fbfcbd,2A3_MaP
2,4v4j,067b56aef70b,2A3_MaP
2,4v4j,900d89a0239d,2A3_MaP
2,4v4j,6ab478a27359,2A3_MaP
2,4v4j,5382254f4ef9,2A3_MaP
2,4v4j,8503132df317,2A3_MaP
2,4v4j,ee5fa8120ed1,2A3_MaP
2,4v4j,79e316b734b3,2A3_MaP
2,4v4j,62d6187494db,2A3_MaP
2,4v4j,67a532e3fd4d,2A3_MaP
2,4v4j,ccb6540651e5,2A3_MaP
2,4v4j,1af6c0587a95,2A3_MaP
2,4v4j,2e213487ee1c,2A3_MaP
2,4v4j,ac6a9faea505,2A3_MaP
2,4v4j,8b5602574246,2A3_MaP
2,4v4j,36f6efa650a6,2A3_MaP
2,4v4j,527b2d5a2808,2A3_MaP
2,4v4j,99822f5ea212,2A3_MaP
2,4v4j,1d09242a2dd4,2A3_MaP
2,4v4j,98704621eaa9,2A3_MaP
2,4v4j,734df0d5a3ff,2A3_MaP
2,4v4j,69a3190e9850,2A3_MaP
2,4v4j,30ad692c5a3a,2A3_MaP
2,4v4j,3544c0a2c219,2A3_MaP
2,4v4j,fdaa23754320,2A3_MaP
2,4v4j,e5cce2b0d421,2A3_MaP
2,4v4j,00f934633f23,2A3_MaP
2,4v4j,03d2ab5d3d0a,2A3_MaP
2,4v4j,53816fe10e87,2A3_MaP
2,4v4j,dac7334be8b3,2A3_MaP
2,4v4j,b150aa93b360,2A3_MaP
2,4v4j,85eb2e0b987f,2A3_MaP
2,4v4j,fb3bd558918b,2A3_MaP
2,4v4j,0879b5543204,2A3_MaP
2,4v4j,7de894e90f1c,2A3_MaP
2,4v4j,b776517628ac,2A3_MaP
2,4v4j,e2e8753615ca,2A3_MaP
2,4v4j,4058a780185d,2A3_MaP
2,4v4j,480c73a04db1,2A3_MaP
2,4v4j,8351865b7216,2A3_MaP
2,4v4j,76c50b4e5c38,2A3_MaP
2,4v4j,e588ed45f05c,2A3_MaP
2,4v4j,7ea9fb61744e,2A3_MaP
2,4v4j,078edd222b1c,2A3_MaP
2,4v4j,c22c2cbd46a7,2A3_MaP
2,4v4j,51e8d7f87572,2A3_MaP
2,4v4j,8d98fa320123,2A3_MaP
2,4v4j,c35118b45b09,2A3_MaP
2,4v4j,686b48fccb9d,2A3_MaP
2,4v4j,098efe9cf61b,2A3_MaP
2,4v4j,5180c7e8b3c8,2A3_MaP
2,4v4j,c44f1262de27,2A3_MaP
2,4v4j,de34c6e39169,2A3_MaP
2,4v4j,d3efbf05adc6,2A3_MaP
2,4v4j,5a8fa78350a5,2A3_MaP
2,4v4j,9af2f8856d76,2A3_MaP
2,4v4j,d0a8619cbacd,2A3_MaP
2,4v4j,7bbe38a991dc,2A3_MaP
2,4v4j,ce4d5dd5a217,2A3_MaP
2,4v4j,bb7dab8d48c7,2A3_MaP
2,4v4j,2147445d8c73,2A3_MaP
2,4v4j,37cfd06e378e,2A3_MaP
2,4v4j,d22858cb5235,2A3_MaP
2,4v4j,b7914e18f9d5,2A3_MaP
2,4v4j,d20086eedb33,2A3_MaP
2,4v4j,ee40a8f0e0b9,2A3_MaP
2,4v4j,56a6744e3782,2A3_MaP
2,4v4j,0da358dfcdd5,2A3_MaP
2,4v4j,2777a8918c94,2A3_MaP
2,4v4j,d8f41084ff59,2A3_MaP
2,4v4j,621d1d8045af,2A3_MaP
2,4v4j,7cdcf696e622,2A3_MaP
2,4v4j,20d90c31e514,2A3_MaP
2,4v4j,3efdbfa5a212,2A3_MaP
2,4v4j,bff1c618415c,2A3_MaP
2,4v4j,c453c9fc97ee,2A3_MaP
2,4v4j,9a8f4b37ebd3,2A3_MaP
2,4v4j,600b925c323f,2A3_MaP
2,4v4j,84edc61e16a1,2A3_MaP
2,4v4j,543393ba6d1c,2A3_MaP
2,4v4j,c10d36fc46f6,2A3_MaP
2,4v4j,a5daacd65491,2A3_MaP
2,4v4j,07585f9163ad,2A3_MaP
2,4v4j,ac44432acbb5,2A3_MaP
2,4v4j,d1f8ea18193d,2A3_MaP
2,4v4j,a98bfd6de25c,2A3_MaP
2,4v4j,833e27389115,2A3_MaP
2,4v4j,1b575442a235,2A3_MaP
2,4v4j,c56899ebc26a,2A3_MaP
2,4v4j,f366ba38733a,2A3_MaP
2,4v4j,128b25cebf7b,2A3_MaP
2,4v4j,71a6ee0a791f,2A3_MaP
2,4v4j,ac61660ada96,2A3_MaP
2,4v4j,bbba543fa351,2A3_MaP
2,4v4j,4e0a30722feb,2A3_MaP
2,4v4j,4c8189658846,2A3_MaP
2,4v4j,de624cd7406f,2A3_MaP
2,4v4j,79dad159a08d,2A3_MaP
2,4v4j,604557c72e85,2A3_MaP
2,4v4j,e89ead12c6c9,2A3_MaP
2,4v4j,d2b427ef5b78,2A3_MaP
2,4v4j,1099eccf94be,2A3_MaP
2,4v4j,b98ce77fac1a,2A3_MaP
2,4v4j,aabfd34bf0c1,2A3_MaP
2,4v4j,d7ed11ea35b8,2A3_MaP
2,4v4j,5b81994e94f6,2A3_MaP
2,4v4j,f799b51e90a2,2A3_MaP
2,4v4j,9737516fac8c,2A3_MaP
2,4v4j,f2e839642fc4,2A3_MaP
2,4v4j,d01d6baa265f,2A3_MaP
2,4v4j,e8ae9115cea7,2A3_MaP
2,4v4j,de193fb629b3,2A3_MaP
2,4v4j,8569d72a279f,2A3_MaP
2,4v4j,4ffd6b568463,2A3_MaP
2,4v4j,115fbf16cfa9,2A3_MaP
2,4v4j,25a12a410407,2A3_MaP
2,4v4j,952617317a52,2A3_MaP
2,4v4j,b56add948dab,2A3_MaP
2,4v4j,8051eb45f3a2,2A3_MaP
2,4v4j,abbb6b6374cd,2A3_MaP
2,4v4j,f477a614b816,2A3_MaP
2,4v4j,a03cf70bdad7,2A3_MaP
2,4v4j,1c17ba3f8117,2A3_MaP
2,4v4j,5393628cee5b,2A3_MaP
2,4v4j,4ba83a53a25f,2A3_MaP
2,4v4j,380e993b5f78,2A3_MaP
2,4v4j,c88e0c163e5c,2A3_MaP
2,4v4j,c7f26955fd4e,2A3_MaP
2,4v4j,dee5f2184336,2A3_MaP
2,4v4j,84eb28aedca3,2A3_MaP
2,4v4j,05a87af11bbb,2A3_MaP
2,4v4j,08fa2805511c,2A3_MaP
2,4v4j,67f6627e3d4a,2A3_MaP
2,4v4j,d7a2c8c060ee,2A3_MaP
2,4v4j,978f067a4111,2A3_MaP
2,4v4j,319b70933c34,2A3_MaP
2,4v4j,088113199604,2A3_MaP
2,4v4j,a860ec790140,2A3_MaP
2,4v4j,a42a79ab6ebf,2A3_MaP
2,4v4j,a04f1ca92db1,2A3_MaP
2,4v4j,eb9115558ac1,2A3_MaP
2,4v4j,c0f9fe897e4e,2A3_MaP
2,4v4j,edfceab66685,2A3_MaP
2,4v4j,3082788ddd9c,2A3_MaP
2,4v4j,64007b164cbe,2A3_MaP
2,4v4j,86b8c5e8fe73,2A3_MaP
2,4v4j,e4b34cf80432,2A3_MaP
2,4v4j,3db1fba2e4d1,2A3_MaP
2,4v4j,8b644c5bfff7,2A3_MaP
2,4v4j,20e48d4cafab,2A3_MaP
2,4v4j,82538d53b8cf,2A3_MaP
2,4v4j,b6dd6ce7ef8d,2A3_MaP
2,4v4j,c46354aa7b02,2A3_MaP
2,4v4j,692c504e8a29,2A3_MaP
2,4v4j,a2a4fcc471e8,2A3_MaP
2,4v4j,6a26979cfe82,2A3_MaP
2,4v4j,63d6db15bbba,2A3_MaP
2,4v4j,acbd0099bf16,2A3_MaP
2,4v4j,bc71aa50fb49,2A3_MaP
2,4v4j,9fcce898036f,2A3_MaP
2,4v4j,38d29f041039,2A3_MaP
2,4v4j,edc6bddb73b5,2A3_MaP
2,4v4j,a958219771c6,2A3_MaP
2,4v4j,d5024d681767,2A3_MaP
2,4v4j,248de9e8c643,2A3_MaP
2,4v4j,5db8f03398d5,2A3_MaP
2,4v4j,8b4f5873824f,2A3_MaP
2,4v4j,60edf30d5e0b,2A3_MaP
2,4v4j,4d5ea20109c0,2A3_MaP
2,4v4j,fb5fa55caead,2A3_MaP
2,4v4j,2a8254400048,2A3_MaP
2,4v4j,97a4414efdee,2A3_MaP
2,4v4j,249a0a5dfe28,2A3_MaP
2,4v4j,3afe85a42a81,2A3_MaP
2,4v4j,814b7d898fee,2A3_MaP
2,4v4j,8654433d473b,2A3_MaP
2,4v4j,39717f36123a,2A3_MaP
2,4v4j,56376f3048d9,2A3_MaP
2,4v4j,653ca91a0014,2A3_MaP
2,4v4j,28f0b105b041,2A3_MaP
2,4v4j,d8407612ac68,2A3_MaP
2,4v4j,64f7a151f4f9,2A3_MaP
2,4v4j,c709e458e15f,2A3_MaP
2,4v4j,5acb94bf9544,2A3_MaP
2,4v4j,baa0668f92ce,2A3_MaP
2,4v4j,7f31376b74ff,2A3_MaP
2,4v4j,f85bcbe6955e,2A3_MaP
2,4v4j,58e0195c3eab,2A3_MaP
2,4v4j,e64603d174a6,2A3_MaP
2,4v4j,00d1ed1c41cb,2A3_MaP
2,4v4j,dbc43692519f,2A3_MaP
2,4v4j,ba4de6e3d38c,2A3_MaP
2,4v4j,f8449907a0da,2A3_MaP
2,4v4j,7a64286cc887,2A3_MaP
2,4v4j,72af1ba78ccc,2A3_MaP
2,4v4j,136c6086939c,2A3_MaP
2,4v4j,c56b1021146b,2A3_MaP
2,4v4j,ed0e27c713ac,2A3_MaP
2,4v4j,183eda893b9e,2A3_MaP
2,4v4j,2114cfca40de,2A3_MaP
2,4v4j,f4f02b695aa6,2A3_MaP
2,4v4j,47d71625832d,2A3_MaP
2,4v4j,bfde5ff5b4cf,2A3_MaP
2,4v4j,a895cc78874f,2A3_MaP
2,4v4j,f595bd9b567d,2A3_MaP
2,4v4j,db81df461cd4,2A3_MaP
2,4v4j,f7e0f3e02a2d,2A3_MaP
2,4v4j,2a2c1f1165cc,2A3_MaP
2,4v4j,89d4b94d5675,2A3_MaP
2,4v4j,a3aea56a9f89,2A3_MaP
2,4v4j,9ad4969c7d22,2A3_MaP
2,4v4j,7e3121d898ce,2A3_MaP
2,4v4j,ca287ee60bc7,2A3_MaP
2,4v4j,240fe5deb431,2A3_MaP
2,4v4j,2c32b4eeef6d,2A3_MaP
2,4v4j,ed5576035a74,2A3_MaP
2,4v4j,e2041d3e706a,2A3_MaP
2,4v4j,73602c2130b4,2A3_MaP
2,4v4j,35a6aec46151,2A3_MaP
2,4v4j,8cd2540980e8,2A3_MaP
2,4v4j,d79b6f3f69ab,2A3_MaP
2,4v4j,1df4ec91c289,2A3_MaP
2,4v4j,2c3c6b5570e3,2A3_MaP
2,4v4j,a942e360cb32,2A3_MaP
2,4v4j,a3921048f105,2A3_MaP
2,4v4j,36ccfb6d15b0,2A3_MaP
2,4v4j,b7850377be88,2A3_MaP
2,4v4j,fb0671a79acc,2A3_MaP
2,4v4j,612a4d5f9bc9,2A3_MaP
2,4v4j,29a5cbb503bb,2A3_MaP
2,4v4j,75f148debfcd,2A3_MaP
2,4v4j,4171f1df93bd,2A3_MaP
2,4v4j,bea2c7adf152,2A3_MaP
2,4v4j,39f943fed7ee,2A3_MaP
2,4v4j,966df7f0fb12,2A3_MaP
2,4v4j,6b3c937b8490,2A3_MaP
2,4v4j,7a36c1c50366,2A3_MaP
2,4v4j,953d06fd339d,2A3_MaP
2,4v4j,35df68997c65,2A3_MaP
2,4v4j,6480e9a9b469,2A3_MaP
2,4v4j,62db6babee9b,2A3_MaP
2,4v4j,7935ff3f5f51,2A3_MaP
2,4v4j,75351f756325,2A3_MaP
2,4v4j,31dcf442517e,2A3_MaP
2,4v4j,8ba9339d246f,2A3_MaP
2,4v4j,48f03a025e13,2A3_MaP
2,4v4j,36050130eb06,2A3_MaP
2,4v4j,0b7479b63123,2A3_MaP
2,4v4j,3e6e40fae81a,2A3_MaP
2,4v4j,1d31bd25876f,2A3_MaP
2,4v4j,4549a4a8f3b4,2A3_MaP
2,4v4j,4fe21272089c,2A3_MaP
2,4v4j,3d68088641d4,2A3_MaP
2,4v4j,2c89784e60b3,2A3_MaP
2,4v4j,9629a1eca416,2A3_MaP
2,4v4j,f71ba7d0f1f1,2A3_MaP
2,4v4j,66399b148770,2A3_MaP
2,4v4j,504fe4f8a789,2A3_MaP
2,4v4j,243cd68814a4,2A3_MaP
2,4v4j,5bceb530ae5b,2A3_MaP
2,4v4j,e5c5cac8ef21,2A3_MaP
2,4v4j,7db7a87530bf,2A3_MaP
2,4v4j,56208e3bd29d,2A3_MaP
2,4v4j,9b9bda65790b,2A3_MaP
2,4v4j,2f503b3dafec,2A3_MaP
2,4v4j,74a2595be5c7,2A3_MaP
2,4v4j,f80f7eb41d52,2A3_MaP
2,4v4j,2e89cc42350c,2A3_MaP
2,4v4j,4fd369d50d77,2A3_MaP
2,4v4j,25fc474f9cb9,2A3_MaP
2,4v4j,1913082e4dd1,2A3_MaP
2,4v4j,234fbe75cd55,2A3_MaP
2,4v4j,26ce9254d65e,2A3_MaP
2,4v4j,0a001c69d093,2A3_MaP
2,4v4j,ac630c2b2013,2A3_MaP
2,4v4j,7c8ffa5780d9,2A3_MaP
2,4v4j,f66efd73d6ee,2A3_MaP
2,4v4j,c4fdb7f142c5,2A3_MaP
2,4v4j,f9dc89f7070d,2A3_MaP
2,4v4j,ab687d970e4e,2A3_MaP
2,4v4j,dc9fd0548aca,2A3_MaP
2,4v4j,25d3da12f99a,2A3_MaP
2,4v4j,d9fbc0f68771,2A3_MaP
2,4v4j,c1c7b61761b9,2A3_MaP
2,4v4j,006df12bf1f4,2A3_MaP
2,4v4j,24d6c2a5b40c,2A3_MaP
2,4v4j,cc11a60fee96,2A3_MaP
2,4v4j,0f13649cffbb,2A3_MaP
2,4v4j,480f3e64ec67,2A3_MaP
2,4v4j,cad50d3af011,2A3_MaP
2,4v4j,4b065b344bf0,2A3_MaP
2,4v4j,0f1841eb9264,2A3_MaP
2,4v4j,a96a9e3b0ff2,2A3_MaP
2,4v4j,5676bca8f032,2A3_MaP
2,4v4j,dc2b00eb7ed8,2A3_MaP
2,4v4j,01d18a6d82fe,2A3_MaP
2,4v4j,ad4a70530aa1,2A3_MaP
2,4v4j,109eed49464b,2A3_MaP
2,4v4j,294443f6f9c2,2A3_MaP
2,4v4j,e6998abc14d9,2A3_MaP
2,4v4j,e0e36fe1cff2,2A3_MaP
2,4v4j,017aacff19ec,2A3_MaP
2,4v4j,638182399953,2A3_MaP
2,4v4j,70adbab54021,2A3_MaP
2,4v4j,30f7b837e244,2A3_MaP
2,4v4j,384ed5332921,2A3_MaP
2,4v4j,29b70b42145e,2A3_MaP
2,4v4j,f36817e7eacd,2A3_MaP
2,4v4j,12ff2dd9b09e,2A3_MaP
2,4v4j,018360520c07,2A3_MaP
2,4v4j,f2d105ebf021,2A3_MaP
2,4v4j,5ac3a6022ea5,2A3_MaP
2,4v4j,bc766b6d34ff,2A3_MaP
2,4v4j,f2cbd45f6320,2A3_MaP
2,4v4j,a90ba2ec16dc,2A3_MaP
2,4v4j,47119301e180,2A3_MaP
2,4v4j,60449b30eb9f,2A3_MaP
2,4v4j,435fb2003d60,2A3_MaP
2,4v4j,4166aa95bb55,2A3_MaP
2,4v4j,2de981c333eb,2A3_MaP
2,4v4j,3ce620996947,2A3_MaP
2,4v4j,7e116d3b37da,2A3_MaP
2,4v4j,dcf200198c15,2A3_MaP
2,4v4j,6beb13287b34,2A3_MaP
2,4v4j,6daa3c4cc6a1,2A3_MaP
2,4v4j,012968f85701,2A3_MaP
2,4v4j,32e1198cd5c8,2A3_MaP
2,4v4j,9c5363ced7f6,2A3_MaP
2,4v4j,dc39f51f64a4,2A3_MaP
2,4v4j,7ddaf7daa81e,2A3_MaP
2,4v4j,a5c4c7394354,2A3_MaP
2,4v4j,04133928eacb,2A3_MaP
2,4v4j,5bf36301df1b,2A3_MaP
2,4v4j,5b2dcb4639a2,2A3_MaP
2,4v4j,0c8ea54b5e2b,2A3_MaP
2,4v4j,18d86c440bd2,2A3_MaP
2,4v4j,92c70c77d584,2A3_MaP
2,4v4j,0c340aaf143a,2A3_MaP
2,4v4j,8fbe5cd71c0c,2A3_MaP
2,4v4j,0f9cf718dc27,2A3_MaP
2,4v4j,1ed6039ffb5c,2A3_MaP
2,4v4j,6fcb6888fb45,2A3_MaP
2,4v4j,aa1886ad35bb,2A3_MaP
2,4v4j,312892100724,2A3_MaP
2,4v4j,47c52a5a830b,2A3_MaP
2,4v4j,23f4fa04e0f3,2A3_MaP
2,4v4j,b8a4be0b75e6,2A3_MaP
2,4v4j,2818cb74de9c,2A3_MaP
2,4v4j,1ff2811aa77f,2A3_MaP
2,4v4j,eba2016a5e9c,2A3_MaP
2,4v4j,5501ca05daa6,2A3_MaP
2,4v4j,f6f3a59c8c1d,2A3_MaP
2,4v4j,4233adad307f,2A3_MaP
2,4v4j,3933ce19b5ed,2A3_MaP
2,4v4j,915afa4602bb,2A3_MaP
2,4v4j,dfbd0d1a3fb2,2A3_MaP
2,4v4j,8f46773bcf27,2A3_MaP
2,4v4j,a0dcde46b9d4,2A3_MaP
2,4v4j,b7bdbf79b4f3,2A3_MaP
2,4v4j,94cc22bcbeb7,2A3_MaP
2,4v4j,c78535d7c601,2A3_MaP
2,4v4j,7c4e6bf9565a,2A3_MaP
2,4v4j,37bfed4a008f,2A3_MaP
2,4v4j,8a2e9145399a,2A3_MaP
2,4v4j,e78f0c542609,2A3_MaP
2,4v4j,8d77fdb45030,2A3_MaP
2,4v4j,54330c262db2,2A3_MaP
2,4v4j,213e1a782308,2A3_MaP
2,4v4j,38a791318ba6,2A3_MaP
2,4v4j,4e0809100e25,2A3_MaP
2,4v4j,d071cd0a2eb4,2A3_MaP
2,4v4j,6ec9b83607e6,2A3_MaP
2,4v4j,6f133196b5fe,2A3_MaP
2,4v4j,94e345798b39,2A3_MaP
2,4v4j,34e1d1493c6c,2A3_MaP
2,4v4j,4a52a5756a95,2A3_MaP
2,4v4j,40d97dbc2518,2A3_MaP
2,4v4j,a761e487e396,2A3_MaP
2,4v4j,5e1117f27955,2A3_MaP
2,4v4j,4ea37d1ac7d3,2A3_MaP
2,4v4j,315744d7f147,2A3_MaP
2,4v4j,9b49aae19914,2A3_MaP
2,4v4j,f7432f5e6b68,2A3_MaP
2,4v4j,a0f2646f8960,2A3_MaP
2,4v4j,c56d167f36f2,2A3_MaP
2,4v4j,15f31a11b4f1,2A3_MaP
2,4v4j,a0402fe1b681,2A3_MaP
2,4v4j,f43b519b031e,2A3_MaP
2,4v4j,d0e6dbfa00e6,2A3_MaP
2,4v4j,19f4018552ed,2A3_MaP
2,4v4j,22419a25a3d9,2A3_MaP
2,4v4j,0b69f55ac9ad,2A3_MaP
2,4v4j,9ad7137e7fa7,2A3_MaP
2,4v4j,16ca1c1168e4,2A3_MaP
2,4v4j,d0b3bd05883b,2A3_MaP
2,4v4j,2293ddf34eaf,2A3_MaP
2,4v4j,ed442662a0ec,2A3_MaP
2,4v4j,43c6effed760,2A3_MaP
2,4v4j,b6a23f5593df,2A3_MaP
2,4v4j,2db20063f06c,2A3_MaP
2,4v4j,30ab6d3ab511,2A3_MaP
2,4v4j,f963445ac078,2A3_MaP
2,4v4j,0759093eeeaf,2A3_MaP
2,4v4j,d2887a394c6a,2A3_MaP
2,4v4j,2102b6744c26,2A3_MaP
2,4v4j,335f74ba52c2,2A3_MaP
2,4v4j,18f9bc27157d,2A3_MaP
2,4v4j,e48a5bedf389,2A3_MaP
2,4v4j,979910e6b4d7,2A3_MaP
2,4v4j,1cd2a2f36d0e,2A3_MaP
2,4v4j,a76a4f1a0402,2A3_MaP
2,4v4j,4f017f3a84e4,2A3_MaP
2,4v4j,f7ce887c64ba,2A3_MaP
2,4v4j,e74481fec45a,2A3_MaP
2,4v4j,b7dbafe24b7f,2A3_MaP
2,4v4j,d45419bf54c3,2A3_MaP
2,4v4j,ef94e88a01b0,2A3_MaP
2,4v4j,6c5b157a2866,2A3_MaP
2,4v4j,72197512667d,2A3_MaP
2,4v4j,6dbd5310a98a,2A3_MaP
2,4v4j,c8b2bc47b5bb,2A3_MaP
2,4v4j,55a8610a0fc6,2A3_MaP
2,4v4j,89ac67ab6fc3,2A3_MaP
2,4v4j,50ee7136dd43,2A3_MaP
2,4v4j,95b5e4335d4b,2A3_MaP
2,4v4j,d8b21cda83ae,2A3_MaP
2,4v4j,4b4562c8db47,DMS_MaP
2,4v4j,81f59966f860,DMS_MaP
2,4v4j,3905b0287827,DMS_MaP
2,4v4j,067b56aef70b,DMS_MaP
2,4v4j,900d89a0239d,DMS_MaP
2,4v4j,6ab478a27359,DMS_MaP
2,4v4j,8503132df317,DMS_MaP
2,4v4j,79e316b734b3,DMS_MaP
2,4v4j,ccb6540651e5,DMS_MaP
2,4v4j,1af6c0587a95,DMS_MaP
2,4v4j,2e213487ee1c,DMS_MaP
2,4v4j,ac6a9faea505,DMS_MaP
2,4v4j,8b5602574246,DMS_MaP
2,4v4j,36f6efa650a6,DMS_MaP
2,4v4j,527b2d5a2808,DMS_MaP
2,4v4j,99822f5ea212,DMS_MaP
2,4v4j,1d09242a2dd4,DMS_MaP
2,4v4j,734df0d5a3ff,DMS_MaP
2,4v4j,69a3190e9850,DMS_MaP
2,4v4j,3544c0a2c219,DMS_MaP
2,4v4j,fdaa23754320,DMS_MaP
2,4v4j,e5cce2b0d421,DMS_MaP
2,4v4j,00f934633f23,DMS_MaP
2,4v4j,03d2ab5d3d0a,DMS_MaP
2,4v4j,4c17333b7fc4,DMS_MaP
2,4v4j,dac7334be8b3,DMS_MaP
2,4v4j,85eb2e0b987f,DMS_MaP
2,4v4j,fb3bd558918b,DMS_MaP
2,4v4j,0879b5543204,DMS_MaP
2,4v4j,e2e8753615ca,DMS_MaP
2,4v4j,4058a780185d,DMS_MaP
2,4v4j,480c73a04db1,DMS_MaP
2,4v4j,8351865b7216,DMS_MaP
2,4v4j,76c50b4e5c38,DMS_MaP
2,4v4j,e588ed45f05c,DMS_MaP
2,4v4j,078edd222b1c,DMS_MaP
2,4v4j,c22c2cbd46a7,DMS_MaP
2,4v4j,51e8d7f87572,DMS_MaP
2,4v4j,c35118b45b09,DMS_MaP
2,4v4j,686b48fccb9d,DMS_MaP
2,4v4j,098efe9cf61b,DMS_MaP
2,4v4j,5180c7e8b3c8,DMS_MaP
2,4v4j,c228292a5a97,DMS_MaP
2,4v4j,de34c6e39169,DMS_MaP
2,4v4j,d3efbf05adc6,DMS_MaP
2,4v4j,9af2f8856d76,DMS_MaP
2,4v4j,d0a8619cbacd,DMS_MaP
2,4v4j,7bbe38a991dc,DMS_MaP
2,4v4j,2147445d8c73,DMS_MaP
2,4v4j,37cfd06e378e,DMS_MaP
2,4v4j,d22858cb5235,DMS_MaP
2,4v4j,d20086eedb33,DMS_MaP
2,4v4j,ee40a8f0e0b9,DMS_MaP
2,4v4j,621d1d8045af,DMS_MaP
2,4v4j,c453c9fc97ee,DMS_MaP
2,4v4j,600b925c323f,DMS_MaP
2,4v4j,84edc61e16a1,DMS_MaP
2,4v4j,543393ba6d1c,DMS_MaP
2,4v4j,a5daacd65491,DMS_MaP
2,4v4j,07585f9163ad,DMS_MaP
2,4v4j,ac44432acbb5,DMS_MaP
2,4v4j,a98bfd6de25c,DMS_MaP
2,4v4j,1b575442a235,DMS_MaP
2,4v4j,c56899ebc26a,DMS_MaP
2,4v4j,f366ba38733a,DMS_MaP
2,4v4j,128b25cebf7b,DMS_MaP
2,4v4j,bbba543fa351,DMS_MaP
2,4v4j,4e0a30722feb,DMS_MaP
2,4v4j,de624cd7406f,DMS_MaP
2,4v4j,e89ead12c6c9,DMS_MaP
2,4v4j,1099eccf94be,DMS_MaP
2,4v4j,aabfd34bf0c1,DMS_MaP
2,4v4j,d7ed11ea35b8,DMS_MaP
2,4v4j,f799b51e90a2,DMS_MaP
2,4v4j,9737516fac8c,DMS_MaP
2,4v4j,de193fb629b3,DMS_MaP
2,4v4j,8569d72a279f,DMS_MaP
2,4v4j,4ffd6b568463,DMS_MaP
2,4v4j,952617317a52,DMS_MaP
2,4v4j,b56add948dab,DMS_MaP
2,4v4j,abbb6b6374cd,DMS_MaP
2,4v4j,a03cf70bdad7,DMS_MaP
2,4v4j,1c17ba3f8117,DMS_MaP
2,4v4j,5393628cee5b,DMS_MaP
2,4v4j,4ba83a53a25f,DMS_MaP
2,4v4j,c88e0c163e5c,DMS_MaP
2,4v4j,c7f26955fd4e,DMS_MaP
2,4v4j,84eb28aedca3,DMS_MaP
2,4v4j,05a87af11bbb,DMS_MaP
2,4v4j,67f6627e3d4a,DMS_MaP
2,4v4j,978f067a4111,DMS_MaP
2,4v4j,319b70933c34,DMS_MaP
2,4v4j,088113199604,DMS_MaP
2,4v4j,a04f1ca92db1,DMS_MaP
2,4v4j,eb9115558ac1,DMS_MaP
2,4v4j,c0f9fe897e4e,DMS_MaP
2,4v4j,edfceab66685,DMS_MaP
2,4v4j,3082788ddd9c,DMS_MaP
2,4v4j,b004d287ffd8,DMS_MaP
2,4v4j,e4b34cf80432,DMS_MaP
2,4v4j,8b644c5bfff7,DMS_MaP
2,4v4j,20e48d4cafab,DMS_MaP
2,4v4j,82538d53b8cf,DMS_MaP
2,4v4j,b6dd6ce7ef8d,DMS_MaP
2,4v4j,a2a4fcc471e8,DMS_MaP
2,4v4j,63d6db15bbba,DMS_MaP
2,4v4j,acbd0099bf16,DMS_MaP
2,4v4j,9fcce898036f,DMS_MaP
2,4v4j,38d29f041039,DMS_MaP
2,4v4j,edc6bddb73b5,DMS_MaP
2,4v4j,a958219771c6,DMS_MaP
2,4v4j,d5024d681767,DMS_MaP
2,4v4j,248de9e8c643,DMS_MaP
2,4v4j,5db8f03398d5,DMS_MaP
2,4v4j,8b4f5873824f,DMS_MaP
2,4v4j,60edf30d5e0b,DMS_MaP
2,4v4j,4d5ea20109c0,DMS_MaP
2,4v4j,fb5fa55caead,DMS_MaP
2,4v4j,2a8254400048,DMS_MaP
2,4v4j,97a4414efdee,DMS_MaP
2,4v4j,3afe85a42a81,DMS_MaP
2,4v4j,814b7d898fee,DMS_MaP
2,4v4j,39717f36123a,DMS_MaP
2,4v4j,56376f3048d9,DMS_MaP
2,4v4j,653ca91a0014,DMS_MaP
2,4v4j,d8407612ac68,DMS_MaP
2,4v4j,64f7a151f4f9,DMS_MaP
2,4v4j,58e0195c3eab,DMS_MaP
2,4v4j,00d1ed1c41cb,DMS_MaP
2,4v4j,dbc43692519f,DMS_MaP
2,4v4j,ba4de6e3d38c,DMS_MaP
2,4v4j,f8449907a0da,DMS_MaP
2,4v4j,7a64286cc887,DMS_MaP
2,4v4j,136c6086939c,DMS_MaP
2,4v4j,c56b1021146b,DMS_MaP
2,4v4j,ed0e27c713ac,DMS_MaP
2,4v4j,183eda893b9e,DMS_MaP
2,4v4j,f4f02b695aa6,DMS_MaP
2,4v4j,47d71625832d,DMS_MaP
2,4v4j,a895cc78874f,DMS_MaP
2,4v4j,f595bd9b567d,DMS_MaP
2,4v4j,db81df461cd4,DMS_MaP
2,4v4j,f7e0f3e02a2d,DMS_MaP
2,4v4j,89d4b94d5675,DMS_MaP
2,4v4j,a3aea56a9f89,DMS_MaP
2,4v4j,ca287ee60bc7,DMS_MaP
2,4v4j,e897a03a6c98,DMS_MaP
2,4v4j,240fe5deb431,DMS_MaP
2,4v4j,2c32b4eeef6d,DMS_MaP
2,4v4j,e2041d3e706a,DMS_MaP
2,4v4j,73602c2130b4,DMS_MaP
2,4v4j,8cd2540980e8,DMS_MaP
2,4v4j,d79b6f3f69ab,DMS_MaP
2,4v4j,1df4ec91c289,DMS_MaP
2,4v4j,a942e360cb32,DMS_MaP
2,4v4j,a3921048f105,DMS_MaP
2,4v4j,36ccfb6d15b0,DMS_MaP
2,4v4j,b7850377be88,DMS_MaP
2,4v4j,fb0671a79acc,DMS_MaP
2,4v4j,9b6587b4cc99,DMS_MaP
2,4v4j,612a4d5f9bc9,DMS_MaP
2,4v4j,75f148debfcd,DMS_MaP
2,4v4j,4171f1df93bd,DMS_MaP
2,4v4j,bea2c7adf152,DMS_MaP
2,4v4j,39f943fed7ee,DMS_MaP
2,4v4j,966df7f0fb12,DMS_MaP
2,4v4j,6b3c937b8490,DMS_MaP
2,4v4j,953d06fd339d,DMS_MaP
2,4v4j,6480e9a9b469,DMS_MaP
2,4v4j,7935ff3f5f51,DMS_MaP
2,4v4j,75351f756325,DMS_MaP
2,4v4j,48f03a025e13,DMS_MaP
2,4v4j,36050130eb06,DMS_MaP
2,4v4j,0b7479b63123,DMS_MaP
2,4v4j,3e6e40fae81a,DMS_MaP
2,4v4j,1d31bd25876f,DMS_MaP
2,4v4j,3d68088641d4,DMS_MaP
2,4v4j,2c89784e60b3,DMS_MaP
2,4v4j,9629a1eca416,DMS_MaP
2,4v4j,f71ba7d0f1f1,DMS_MaP
2,4v4j,66399b148770,DMS_MaP
2,4v4j,7db7a87530bf,DMS_MaP
2,4v4j,56208e3bd29d,DMS_MaP
2,4v4j,9b9bda65790b,DMS_MaP
2,4v4j,2f503b3dafec,DMS_MaP
2,4v4j,74a2595be5c7,DMS_MaP
2,4v4j,f80f7eb41d52,DMS_MaP
2,4v4j,2e89cc42350c,DMS_MaP
2,4v4j,4fd369d50d77,DMS_MaP
2,4v4j,1913082e4dd1,DMS_MaP
2,4v4j,234fbe75cd55,DMS_MaP
2,4v4j,26ce9254d65e,DMS_MaP
2,4v4j,ac630c2b2013,DMS_MaP
2,4v4j,f9dc89f7070d,DMS_MaP
2,4v4j,ab687d970e4e,DMS_MaP
2,4v4j,f5d5b8a7c546,DMS_MaP
2,4v4j,d9fbc0f68771,DMS_MaP
2,4v4j,c1c7b61761b9,DMS_MaP
2,4v4j,006df12bf1f4,DMS_MaP
2,4v4j,24d6c2a5b40c,DMS_MaP
2,4v4j,cc11a60fee96,DMS_MaP
2,4v4j,0f13649cffbb,DMS_MaP
2,4v4j,0f1841eb9264,DMS_MaP
2,4v4j,a96a9e3b0ff2,DMS_MaP
2,4v4j,5676bca8f032,DMS_MaP
2,4v4j,dc2b00eb7ed8,DMS_MaP
2,4v4j,01d18a6d82fe,DMS_MaP
2,4v4j,ad4a70530aa1,DMS_MaP
2,4v4j,109eed49464b,DMS_MaP
2,4v4j,294443f6f9c2,DMS_MaP
2,4v4j,638182399953,DMS_MaP
2,4v4j,70adbab54021,DMS_MaP
2,4v4j,30f7b837e244,DMS_MaP
2,4v4j,384ed5332921,DMS_MaP
2,4v4j,29b70b42145e,DMS_MaP
2,4v4j,f36817e7eacd,DMS_MaP
2,4v4j,018360520c07,DMS_MaP
2,4v4j,47119301e180,DMS_MaP
2,4v4j,60449b30eb9f,DMS_MaP
2,4v4j,435fb2003d60,DMS_MaP
2,4v4j,3ce620996947,DMS_MaP
2,4v4j,7e116d3b37da,DMS_MaP
2,4v4j,dcf200198c15,DMS_MaP
2,4v4j,9c5363ced7f6,DMS_MaP
2,4v4j,7ddaf7daa81e,DMS_MaP
2,4v4j,a5c4c7394354,DMS_MaP
2,4v4j,04133928eacb,DMS_MaP
2,4v4j,5bf36301df1b,DMS_MaP
2,4v4j,5b2dcb4639a2,DMS_MaP
2,4v4j,0c8ea54b5e2b,DMS_MaP
2,4v4j,0c340aaf143a,DMS_MaP
2,4v4j,8fbe5cd71c0c,DMS_MaP
2,4v4j,0f9cf718dc27,DMS_MaP
2,4v4j,1ed6039ffb5c,DMS_MaP
2,4v4j,6fcb6888fb45,DMS_MaP
2,4v4j,aa1886ad35bb,DMS_MaP
2,4v4j,47c52a5a830b,DMS_MaP
2,4v4j,23f4fa04e0f3,DMS_MaP
2,4v4j,2818cb74de9c,DMS_MaP
2,4v4j,1ff2811aa77f,DMS_MaP
2,4v4j,dfbd0d1a3fb2,DMS_MaP
2,4v4j,a0dcde46b9d4,DMS_MaP
2,4v4j,b7bdbf79b4f3,DMS_MaP
2,4v4j,c78535d7c601,DMS_MaP
2,4v4j,7c4e6bf9565a,DMS_MaP
2,4v4j,8a2e9145399a,DMS_MaP
2,4v4j,e78f0c542609,DMS_MaP
2,4v4j,8d77fdb45030,DMS_MaP
2,4v4j,6ec9b83607e6,DMS_MaP
2,4v4j,6f133196b5fe,DMS_MaP
2,4v4j,34e1d1493c6c,DMS_MaP
2,4v4j,40d97dbc2518,DMS_MaP
2,4v4j,a761e487e396,DMS_MaP
2,4v4j,5e1117f27955,DMS_MaP
2,4v4j,9b49aae19914,DMS_MaP
2,4v4j,f7432f5e6b68,DMS_MaP
2,4v4j,15f31a11b4f1,DMS_MaP
2,4v4j,a0402fe1b681,DMS_MaP
2,4v4j,f43b519b031e,DMS_MaP
2,4v4j,d0e6dbfa00e6,DMS_MaP
2,4v4j,19f4018552ed,DMS_MaP
2,4v4j,22419a25a3d9,DMS_MaP
2,4v4j,0b69f55ac9ad,DMS_MaP
2,4v4j,9ad7137e7fa7,DMS_MaP
2,4v4j,16ca1c1168e4,DMS_MaP
2,4v4j,d0b3bd05883b,DMS_MaP
2,4v4j,43c6effed760,DMS_MaP
2,4v4j,b6a23f5593df,DMS_MaP
2,4v4j,2db20063f06c,DMS_MaP
2,4v4j,30ab6d3ab511,DMS_MaP
2,4v4j,d2887a394c6a,DMS_MaP
2,4v4j,2102b6744c26,DMS_MaP
2,4v4j,18f9bc27157d,DMS_MaP
2,4v4j,e48a5bedf389,DMS_MaP
2,4v4j,979910e6b4d7,DMS_MaP
2,4v4j,a76a4f1a0402,DMS_MaP
2,4v4j,b7dbafe24b7f,DMS_MaP
2,4v4j,d45419bf54c3,DMS_MaP
2,4v4j,6c5b157a2866,DMS_MaP
2,4v4j,6dbd5310a98a,DMS_MaP
2,4v4j,50ee7136dd43,DMS_MaP
2,4v4j,95b5e4335d4b,DMS_MaP
2,4v4j,d8b21cda83ae,DMS_MaP
2,4v4j,54c2984ecb04,2A3_MaP
2,4v4j,00f27aca4a09,2A3_MaP
2,4v4j,8a851b4fa9ff,2A3_MaP
2,4v4j,75d6ce5fe607,2A3_MaP
2,4v4j,54c2984ecb04,DMS_MaP
2,4v4j,00f27aca4a09,DMS_MaP
2,4v4j,8a851b4fa9ff,DMS_MaP
2,4v4j,75d6ce5fe607,DMS_MaP
Bw,6gz4,4b4562c8db47,2A3_MaP
Bw,6gz4,806adc4ab4cf,2A3_MaP
Bw,6gz4,067b56aef70b,2A3_MaP
Bw,6gz4,900d89a0239d,2A3_MaP
Bw,6gz4,5382254f4ef9,2A3_MaP
Bw,6gz4,8503132df317,2A3_MaP
Bw,6gz4,79e316b734b3,2A3_MaP
Bw,6gz4,62d6187494db,2A3_MaP
Bw,6gz4,67a532e3fd4d,2A3_MaP
Bw,6gz4,ccb6540651e5,2A3_MaP
Bw,6gz4,1af6c0587a95,2A3_MaP
Bw,6gz4,2e213487ee1c,2A3_MaP
Bw,6gz4,ac6a9faea505,2A3_MaP
Bw,6gz4,8b5602574246,2A3_MaP
Bw,6gz4,36f6efa650a6,2A3_MaP
Bw,6gz4,527b2d5a2808,2A3_MaP
Bw,6gz4,99822f5ea212,2A3_MaP
Bw,6gz4,1d09242a2dd4,2A3_MaP
Bw,6gz4,98704621eaa9,2A3_MaP
Bw,6gz4,734df0d5a3ff,2A3_MaP
Bw,6gz4,69a3190e9850,2A3_MaP
Bw,6gz4,30ad692c5a3a,2A3_MaP
Bw,6gz4,3544c0a2c219,2A3_MaP
Bw,6gz4,fdaa23754320,2A3_MaP
Bw,6gz4,e5cce2b0d421,2A3_MaP
Bw,6gz4,00f934633f23,2A3_MaP
Bw,6gz4,03d2ab5d3d0a,2A3_MaP
Bw,6gz4,53816fe10e87,2A3_MaP
Bw,6gz4,dac7334be8b3,2A3_MaP
Bw,6gz4,b150aa93b360,2A3_MaP
Bw,6gz4,85eb2e0b987f,2A3_MaP
Bw,6gz4,fb3bd558918b,2A3_MaP
Bw,6gz4,0879b5543204,2A3_MaP
Bw,6gz4,7de894e90f1c,2A3_MaP
Bw,6gz4,b776517628ac,2A3_MaP
Bw,6gz4,e2e8753615ca,2A3_MaP
Bw,6gz4,4058a780185d,2A3_MaP
Bw,6gz4,480c73a04db1,2A3_MaP
Bw,6gz4,8351865b7216,2A3_MaP
Bw,6gz4,76c50b4e5c38,2A3_MaP
Bw,6gz4,e588ed45f05c,2A3_MaP
Bw,6gz4,7ea9fb61744e,2A3_MaP
Bw,6gz4,078edd222b1c,2A3_MaP
Bw,6gz4,c22c2cbd46a7,2A3_MaP
Bw,6gz4,51e8d7f87572,2A3_MaP
Bw,6gz4,8d98fa320123,2A3_MaP
Bw,6gz4,c35118b45b09,2A3_MaP
Bw,6gz4,686b48fccb9d,2A3_MaP
Bw,6gz4,098efe9cf61b,2A3_MaP
Bw,6gz4,5180c7e8b3c8,2A3_MaP
Bw,6gz4,c44f1262de27,2A3_MaP
Bw,6gz4,de34c6e39169,2A3_MaP
Bw,6gz4,d3efbf05adc6,2A3_MaP
Bw,6gz4,5a8fa78350a5,2A3_MaP
Bw,6gz4,9af2f8856d76,2A3_MaP
Bw,6gz4,d0a8619cbacd,2A3_MaP
Bw,6gz4,7bbe38a991dc,2A3_MaP
Bw,6gz4,ce4d5dd5a217,2A3_MaP
Bw,6gz4,bb7dab8d48c7,2A3_MaP
Bw,6gz4,2147445d8c73,2A3_MaP
Bw,6gz4,37cfd06e378e,2A3_MaP
Bw,6gz4,d22858cb5235,2A3_MaP
Bw,6gz4,b7914e18f9d5,2A3_MaP
Bw,6gz4,d20086eedb33,2A3_MaP
Bw,6gz4,ee40a8f0e0b9,2A3_MaP
Bw,6gz4,56a6744e3782,2A3_MaP
Bw,6gz4,0da358dfcdd5,2A3_MaP
Bw,6gz4,2777a8918c94,2A3_MaP
Bw,6gz4,d8f41084ff59,2A3_MaP
Bw,6gz4,621d1d8045af,2A3_MaP
Bw,6gz4,7cdcf696e622,2A3_MaP
Bw,6gz4,20d90c31e514,2A3_MaP
Bw,6gz4,3efdbfa5a212,2A3_MaP
Bw,6gz4,bff1c618415c,2A3_MaP
Bw,6gz4,c453c9fc97ee,2A3_MaP
Bw,6gz4,9a8f4b37ebd3,2A3_MaP
Bw,6gz4,600b925c323f,2A3_MaP
Bw,6gz4,84edc61e16a1,2A3_MaP
Bw,6gz4,543393ba6d1c,2A3_MaP
Bw,6gz4,c10d36fc46f6,2A3_MaP
Bw,6gz4,a5daacd65491,2A3_MaP
Bw,6gz4,07585f9163ad,2A3_MaP
Bw,6gz4,ac44432acbb5,2A3_MaP
Bw,6gz4,d1f8ea18193d,2A3_MaP
Bw,6gz4,a98bfd6de25c,2A3_MaP
Bw,6gz4,833e27389115,2A3_MaP
Bw,6gz4,1b575442a235,2A3_MaP
Bw,6gz4,c56899ebc26a,2A3_MaP
Bw,6gz4,f366ba38733a,2A3_MaP
Bw,6gz4,128b25cebf7b,2A3_MaP
Bw,6gz4,71a6ee0a791f,2A3_MaP
Bw,6gz4,ac61660ada96,2A3_MaP
Bw,6gz4,bbba543fa351,2A3_MaP
Bw,6gz4,4e0a30722feb,2A3_MaP
Bw,6gz4,4c8189658846,2A3_MaP
Bw,6gz4,de624cd7406f,2A3_MaP
Bw,6gz4,79dad159a08d,2A3_MaP
Bw,6gz4,604557c72e85,2A3_MaP
Bw,6gz4,e89ead12c6c9,2A3_MaP
Bw,6gz4,d2b427ef5b78,2A3_MaP
Bw,6gz4,1099eccf94be,2A3_MaP
Bw,6gz4,b98ce77fac1a,2A3_MaP
Bw,6gz4,aabfd34bf0c1,2A3_MaP
Bw,6gz4,d7ed11ea35b8,2A3_MaP
Bw,6gz4,5b81994e94f6,2A3_MaP
Bw,6gz4,f799b51e90a2,2A3_MaP
Bw,6gz4,9737516fac8c,2A3_MaP
Bw,6gz4,f2e839642fc4,2A3_MaP
Bw,6gz4,d01d6baa265f,2A3_MaP
Bw,6gz4,e8ae9115cea7,2A3_MaP
Bw,6gz4,de193fb629b3,2A3_MaP
Bw,6gz4,8569d72a279f,2A3_MaP
Bw,6gz4,4ffd6b568463,2A3_MaP
Bw,6gz4,115fbf16cfa9,2A3_MaP
Bw,6gz4,25a12a410407,2A3_MaP
Bw,6gz4,952617317a52,2A3_MaP
Bw,6gz4,b56add948dab,2A3_MaP
Bw,6gz4,8051eb45f3a2,2A3_MaP
Bw,6gz4,abbb6b6374cd,2A3_MaP
Bw,6gz4,f477a614b816,2A3_MaP
Bw,6gz4,a03cf70bdad7,2A3_MaP
Bw,6gz4,1c17ba3f8117,2A3_MaP
Bw,6gz4,5393628cee5b,2A3_MaP
Bw,6gz4,4ba83a53a25f,2A3_MaP
Bw,6gz4,380e993b5f78,2A3_MaP
Bw,6gz4,c88e0c163e5c,2A3_MaP
Bw,6gz4,c7f26955fd4e,2A3_MaP
Bw,6gz4,dee5f2184336,2A3_MaP
Bw,6gz4,84eb28aedca3,2A3_MaP
Bw,6gz4,05a87af11bbb,2A3_MaP
Bw,6gz4,08fa2805511c,2A3_MaP
Bw,6gz4,67f6627e3d4a,2A3_MaP
Bw,6gz4,d7a2c8c060ee,2A3_MaP
Bw,6gz4,978f067a4111,2A3_MaP
Bw,6gz4,319b70933c34,2A3_MaP
Bw,6gz4,088113199604,2A3_MaP
Bw,6gz4,a860ec790140,2A3_MaP
Bw,6gz4,a42a79ab6ebf,2A3_MaP
Bw,6gz4,a04f1ca92db1,2A3_MaP
Bw,6gz4,eb9115558ac1,2A3_MaP
Bw,6gz4,c0f9fe897e4e,2A3_MaP
Bw,6gz4,edfceab66685,2A3_MaP
Bw,6gz4,3082788ddd9c,2A3_MaP
Bw,6gz4,64007b164cbe,2A3_MaP
Bw,6gz4,86b8c5e8fe73,2A3_MaP
Bw,6gz4,e4b34cf80432,2A3_MaP
Bw,6gz4,3db1fba2e4d1,2A3_MaP
Bw,6gz4,8b644c5bfff7,2A3_MaP
Bw,6gz4,20e48d4cafab,2A3_MaP
Bw,6gz4,82538d53b8cf,2A3_MaP
Bw,6gz4,b6dd6ce7ef8d,2A3_MaP
Bw,6gz4,c46354aa7b02,2A3_MaP
Bw,6gz4,692c504e8a29,2A3_MaP
Bw,6gz4,a2a4fcc471e8,2A3_MaP
Bw,6gz4,6a26979cfe82,2A3_MaP
Bw,6gz4,63d6db15bbba,2A3_MaP
Bw,6gz4,acbd0099bf16,2A3_MaP
Bw,6gz4,bc71aa50fb49,2A3_MaP
Bw,6gz4,9fcce898036f,2A3_MaP
Bw,6gz4,38d29f041039,2A3_MaP
Bw,6gz4,edc6bddb73b5,2A3_MaP
Bw,6gz4,a958219771c6,2A3_MaP
Bw,6gz4,d5024d681767,2A3_MaP
Bw,6gz4,248de9e8c643,2A3_MaP
Bw,6gz4,5db8f03398d5,2A3_MaP
Bw,6gz4,8b4f5873824f,2A3_MaP
Bw,6gz4,60edf30d5e0b,2A3_MaP
Bw,6gz4,4d5ea20109c0,2A3_MaP
Bw,6gz4,fb5fa55caead,2A3_MaP
Bw,6gz4,2a8254400048,2A3_MaP
Bw,6gz4,97a4414efdee,2A3_MaP
Bw,6gz4,249a0a5dfe28,2A3_MaP
Bw,6gz4,3afe85a42a81,2A3_MaP
Bw,6gz4,814b7d898fee,2A3_MaP
Bw,6gz4,8654433d473b,2A3_MaP
Bw,6gz4,39717f36123a,2A3_MaP
Bw,6gz4,56376f3048d9,2A3_MaP
Bw,6gz4,653ca91a0014,2A3_MaP
Bw,6gz4,28f0b105b041,2A3_MaP
Bw,6gz4,d8407612ac68,2A3_MaP
Bw,6gz4,64f7a151f4f9,2A3_MaP
Bw,6gz4,c709e458e15f,2A3_MaP
Bw,6gz4,5acb94bf9544,2A3_MaP
Bw,6gz4,baa0668f92ce,2A3_MaP
Bw,6gz4,7f31376b74ff,2A3_MaP
Bw,6gz4,f85bcbe6955e,2A3_MaP
Bw,6gz4,58e0195c3eab,2A3_MaP
Bw,6gz4,e64603d174a6,2A3_MaP
Bw,6gz4,00d1ed1c41cb,2A3_MaP
Bw,6gz4,dbc43692519f,2A3_MaP
Bw,6gz4,ba4de6e3d38c,2A3_MaP
Bw,6gz4,f8449907a0da,2A3_MaP
Bw,6gz4,7a64286cc887,2A3_MaP
Bw,6gz4,72af1ba78ccc,2A3_MaP
Bw,6gz4,136c6086939c,2A3_MaP
Bw,6gz4,c56b1021146b,2A3_MaP
Bw,6gz4,ed0e27c713ac,2A3_MaP
Bw,6gz4,183eda893b9e,2A3_MaP
Bw,6gz4,2114cfca40de,2A3_MaP
Bw,6gz4,f4f02b695aa6,2A3_MaP
Bw,6gz4,47d71625832d,2A3_MaP
Bw,6gz4,bfde5ff5b4cf,2A3_MaP
Bw,6gz4,a895cc78874f,2A3_MaP
Bw,6gz4,f595bd9b567d,2A3_MaP
Bw,6gz4,db81df461cd4,2A3_MaP
Bw,6gz4,f7e0f3e02a2d,2A3_MaP
Bw,6gz4,2a2c1f1165cc,2A3_MaP
Bw,6gz4,89d4b94d5675,2A3_MaP
Bw,6gz4,a3aea56a9f89,2A3_MaP
Bw,6gz4,9ad4969c7d22,2A3_MaP
Bw,6gz4,7e3121d898ce,2A3_MaP
Bw,6gz4,ca287ee60bc7,2A3_MaP
Bw,6gz4,240fe5deb431,2A3_MaP
Bw,6gz4,2c32b4eeef6d,2A3_MaP
Bw,6gz4,ed5576035a74,2A3_MaP
Bw,6gz4,e2041d3e706a,2A3_MaP
Bw,6gz4,73602c2130b4,2A3_MaP
Bw,6gz4,35a6aec46151,2A3_MaP
Bw,6gz4,8cd2540980e8,2A3_MaP
Bw,6gz4,d79b6f3f69ab,2A3_MaP
Bw,6gz4,1df4ec91c289,2A3_MaP
Bw,6gz4,2c3c6b5570e3,2A3_MaP
Bw,6gz4,a942e360cb32,2A3_MaP
Bw,6gz4,a3921048f105,2A3_MaP
Bw,6gz4,36ccfb6d15b0,2A3_MaP
Bw,6gz4,b7850377be88,2A3_MaP
Bw,6gz4,fb0671a79acc,2A3_MaP
Bw,6gz4,612a4d5f9bc9,2A3_MaP
Bw,6gz4,29a5cbb503bb,2A3_MaP
Bw,6gz4,75f148debfcd,2A3_MaP
Bw,6gz4,4171f1df93bd,2A3_MaP
Bw,6gz4,bea2c7adf152,2A3_MaP
Bw,6gz4,39f943fed7ee,2A3_MaP
Bw,6gz4,966df7f0fb12,2A3_MaP
Bw,6gz4,6b3c937b8490,2A3_MaP
Bw,6gz4,7a36c1c50366,2A3_MaP
Bw,6gz4,953d06fd339d,2A3_MaP
Bw,6gz4,35df68997c65,2A3_MaP
Bw,6gz4,6480e9a9b469,2A3_MaP
Bw,6gz4,62db6babee9b,2A3_MaP
Bw,6gz4,7935ff3f5f51,2A3_MaP
Bw,6gz4,75351f756325,2A3_MaP
Bw,6gz4,31dcf442517e,2A3_MaP
Bw,6gz4,8ba9339d246f,2A3_MaP
Bw,6gz4,48f03a025e13,2A3_MaP
Bw,6gz4,36050130eb06,2A3_MaP
Bw,6gz4,0b7479b63123,2A3_MaP
Bw,6gz4,3e6e40fae81a,2A3_MaP
Bw,6gz4,1d31bd25876f,2A3_MaP
Bw,6gz4,4549a4a8f3b4,2A3_MaP
Bw,6gz4,4fe21272089c,2A3_MaP
Bw,6gz4,3d68088641d4,2A3_MaP
Bw,6gz4,2c89784e60b3,2A3_MaP
Bw,6gz4,9629a1eca416,2A3_MaP
Bw,6gz4,f71ba7d0f1f1,2A3_MaP
Bw,6gz4,66399b148770,2A3_MaP
Bw,6gz4,504fe4f8a789,2A3_MaP
Bw,6gz4,243cd68814a4,2A3_MaP
Bw,6gz4,5bceb530ae5b,2A3_MaP
Bw,6gz4,e5c5cac8ef21,2A3_MaP
Bw,6gz4,7db7a87530bf,2A3_MaP
Bw,6gz4,56208e3bd29d,2A3_MaP
Bw,6gz4,9b9bda65790b,2A3_MaP
Bw,6gz4,2f503b3dafec,2A3_MaP
Bw,6gz4,74a2595be5c7,2A3_MaP
Bw,6gz4,f80f7eb41d52,2A3_MaP
Bw,6gz4,2e89cc42350c,2A3_MaP
Bw,6gz4,4fd369d50d77,2A3_MaP
Bw,6gz4,25fc474f9cb9,2A3_MaP
Bw,6gz4,1913082e4dd1,2A3_MaP
Bw,6gz4,234fbe75cd55,2A3_MaP
Bw,6gz4,26ce9254d65e,2A3_MaP
Bw,6gz4,0a001c69d093,2A3_MaP
Bw,6gz4,ac630c2b2013,2A3_MaP
Bw,6gz4,7c8ffa5780d9,2A3_MaP
Bw,6gz4,f66efd73d6ee,2A3_MaP
Bw,6gz4,c4fdb7f142c5,2A3_MaP
Bw,6gz4,f9dc89f7070d,2A3_MaP
Bw,6gz4,ab687d970e4e,2A3_MaP
Bw,6gz4,dc9fd0548aca,2A3_MaP
Bw,6gz4,25d3da12f99a,2A3_MaP
Bw,6gz4,d9fbc0f68771,2A3_MaP
Bw,6gz4,c1c7b61761b9,2A3_MaP
Bw,6gz4,006df12bf1f4,2A3_MaP
Bw,6gz4,24d6c2a5b40c,2A3_MaP
Bw,6gz4,cc11a60fee96,2A3_MaP
Bw,6gz4,0f13649cffbb,2A3_MaP
Bw,6gz4,480f3e64ec67,2A3_MaP
Bw,6gz4,cad50d3af011,2A3_MaP
Bw,6gz4,4b065b344bf0,2A3_MaP
Bw,6gz4,0f1841eb9264,2A3_MaP
Bw,6gz4,a96a9e3b0ff2,2A3_MaP
Bw,6gz4,5676bca8f032,2A3_MaP
Bw,6gz4,dc2b00eb7ed8,2A3_MaP
Bw,6gz4,01d18a6d82fe,2A3_MaP
Bw,6gz4,ad4a70530aa1,2A3_MaP
Bw,6gz4,109eed49464b,2A3_MaP
Bw,6gz4,294443f6f9c2,2A3_MaP
Bw,6gz4,e6998abc14d9,2A3_MaP
Bw,6gz4,e0e36fe1cff2,2A3_MaP
Bw,6gz4,017aacff19ec,2A3_MaP
Bw,6gz4,638182399953,2A3_MaP
Bw,6gz4,70adbab54021,2A3_MaP
Bw,6gz4,30f7b837e244,2A3_MaP
Bw,6gz4,384ed5332921,2A3_MaP
Bw,6gz4,29b70b42145e,2A3_MaP
Bw,6gz4,f36817e7eacd,2A3_MaP
Bw,6gz4,12ff2dd9b09e,2A3_MaP
Bw,6gz4,018360520c07,2A3_MaP
Bw,6gz4,f2d105ebf021,2A3_MaP
Bw,6gz4,5ac3a6022ea5,2A3_MaP
Bw,6gz4,bc766b6d34ff,2A3_MaP
Bw,6gz4,f2cbd45f6320,2A3_MaP
Bw,6gz4,a90ba2ec16dc,2A3_MaP
Bw,6gz4,47119301e180,2A3_MaP
Bw,6gz4,60449b30eb9f,2A3_MaP
Bw,6gz4,435fb2003d60,2A3_MaP
Bw,6gz4,4166aa95bb55,2A3_MaP
Bw,6gz4,2de981c333eb,2A3_MaP
Bw,6gz4,3ce620996947,2A3_MaP
Bw,6gz4,7e116d3b37da,2A3_MaP
Bw,6gz4,dcf200198c15,2A3_MaP
Bw,6gz4,6beb13287b34,2A3_MaP
Bw,6gz4,6daa3c4cc6a1,2A3_MaP
Bw,6gz4,012968f85701,2A3_MaP
Bw,6gz4,32e1198cd5c8,2A3_MaP
Bw,6gz4,9c5363ced7f6,2A3_MaP
Bw,6gz4,dc39f51f64a4,2A3_MaP
Bw,6gz4,7ddaf7daa81e,2A3_MaP
Bw,6gz4,a5c4c7394354,2A3_MaP
Bw,6gz4,04133928eacb,2A3_MaP
Bw,6gz4,5bf36301df1b,2A3_MaP
Bw,6gz4,5b2dcb4639a2,2A3_MaP
Bw,6gz4,0c8ea54b5e2b,2A3_MaP
Bw,6gz4,18d86c440bd2,2A3_MaP
Bw,6gz4,92c70c77d584,2A3_MaP
Bw,6gz4,0c340aaf143a,2A3_MaP
Bw,6gz4,8fbe5cd71c0c,2A3_MaP
Bw,6gz4,0f9cf718dc27,2A3_MaP
Bw,6gz4,1ed6039ffb5c,2A3_MaP
Bw,6gz4,6fcb6888fb45,2A3_MaP
Bw,6gz4,aa1886ad35bb,2A3_MaP
Bw,6gz4,312892100724,2A3_MaP
Bw,6gz4,47c52a5a830b,2A3_MaP
Bw,6gz4,23f4fa04e0f3,2A3_MaP
Bw,6gz4,b8a4be0b75e6,2A3_MaP
Bw,6gz4,2818cb74de9c,2A3_MaP
Bw,6gz4,1ff2811aa77f,2A3_MaP
Bw,6gz4,eba2016a5e9c,2A3_MaP
Bw,6gz4,5501ca05daa6,2A3_MaP
Bw,6gz4,f6f3a59c8c1d,2A3_MaP
Bw,6gz4,4233adad307f,2A3_MaP
Bw,6gz4,3933ce19b5ed,2A3_MaP
Bw,6gz4,915afa4602bb,2A3_MaP
Bw,6gz4,dfbd0d1a3fb2,2A3_MaP
Bw,6gz4,8f46773bcf27,2A3_MaP
Bw,6gz4,a0dcde46b9d4,2A3_MaP
Bw,6gz4,b7bdbf79b4f3,2A3_MaP
Bw,6gz4,94cc22bcbeb7,2A3_MaP
Bw,6gz4,c78535d7c601,2A3_MaP
Bw,6gz4,7c4e6bf9565a,2A3_MaP
Bw,6gz4,37bfed4a008f,2A3_MaP
Bw,6gz4,8a2e9145399a,2A3_MaP
Bw,6gz4,e78f0c542609,2A3_MaP
Bw,6gz4,8d77fdb45030,2A3_MaP
Bw,6gz4,54330c262db2,2A3_MaP
Bw,6gz4,213e1a782308,2A3_MaP
Bw,6gz4,38a791318ba6,2A3_MaP
Bw,6gz4,4e0809100e25,2A3_MaP
Bw,6gz4,d071cd0a2eb4,2A3_MaP
Bw,6gz4,6ec9b83607e6,2A3_MaP
Bw,6gz4,6f133196b5fe,2A3_MaP
Bw,6gz4,94e345798b39,2A3_MaP
Bw,6gz4,34e1d1493c6c,2A3_MaP
Bw,6gz4,4a52a5756a95,2A3_MaP
Bw,6gz4,40d97dbc2518,2A3_MaP
Bw,6gz4,a761e487e396,2A3_MaP
Bw,6gz4,5e1117f27955,2A3_MaP
Bw,6gz4,4ea37d1ac7d3,2A3_MaP
Bw,6gz4,315744d7f147,2A3_MaP
Bw,6gz4,9b49aae19914,2A3_MaP
Bw,6gz4,f7432f5e6b68,2A3_MaP
Bw,6gz4,a0f2646f8960,2A3_MaP
Bw,6gz4,c56d167f36f2,2A3_MaP
Bw,6gz4,15f31a11b4f1,2A3_MaP
Bw,6gz4,a0402fe1b681,2A3_MaP
Bw,6gz4,f43b519b031e,2A3_MaP
Bw,6gz4,d0e6dbfa00e6,2A3_MaP
Bw,6gz4,19f4018552ed,2A3_MaP
Bw,6gz4,22419a25a3d9,2A3_MaP
Bw,6gz4,0b69f55ac9ad,2A3_MaP
Bw,6gz4,9ad7137e7fa7,2A3_MaP
Bw,6gz4,16ca1c1168e4,2A3_MaP
Bw,6gz4,d0b3bd05883b,2A3_MaP
Bw,6gz4,2293ddf34eaf,2A3_MaP
Bw,6gz4,ed442662a0ec,2A3_MaP
Bw,6gz4,43c6effed760,2A3_MaP
Bw,6gz4,b6a23f5593df,2A3_MaP
Bw,6gz4,2db20063f06c,2A3_MaP
Bw,6gz4,30ab6d3ab511,2A3_MaP
Bw,6gz4,f963445ac078,2A3_MaP
Bw,6gz4,0759093eeeaf,2A3_MaP
Bw,6gz4,d2887a394c6a,2A3_MaP
Bw,6gz4,2102b6744c26,2A3_MaP
Bw,6gz4,335f74ba52c2,2A3_MaP
Bw,6gz4,18f9bc27157d,2A3_MaP
Bw,6gz4,e48a5bedf389,2A3_MaP
Bw,6gz4,979910e6b4d7,2A3_MaP
Bw,6gz4,1cd2a2f36d0e,2A3_MaP
Bw,6gz4,a76a4f1a0402,2A3_MaP
Bw,6gz4,4f017f3a84e4,2A3_MaP
Bw,6gz4,f7ce887c64ba,2A3_MaP
Bw,6gz4,e74481fec45a,2A3_MaP
Bw,6gz4,b7dbafe24b7f,2A3_MaP
Bw,6gz4,d45419bf54c3,2A3_MaP
Bw,6gz4,ef94e88a01b0,2A3_MaP
Bw,6gz4,6c5b157a2866,2A3_MaP
Bw,6gz4,72197512667d,2A3_MaP
Bw,6gz4,6dbd5310a98a,2A3_MaP
Bw,6gz4,c8b2bc47b5bb,2A3_MaP
Bw,6gz4,55a8610a0fc6,2A3_MaP
Bw,6gz4,89ac67ab6fc3,2A3_MaP
Bw,6gz4,50ee7136dd43,2A3_MaP
Bw,6gz4,95b5e4335d4b,2A3_MaP
Bw,6gz4,d8b21cda83ae,2A3_MaP
Bw,6gz4,4b4562c8db47,DMS_MaP
Bw,6gz4,067b56aef70b,DMS_MaP
Bw,6gz4,900d89a0239d,DMS_MaP
Bw,6gz4,8503132df317,DMS_MaP
Bw,6gz4,79e316b734b3,DMS_MaP
Bw,6gz4,ccb6540651e5,DMS_MaP
Bw,6gz4,1af6c0587a95,DMS_MaP
Bw,6gz4,2e213487ee1c,DMS_MaP
Bw,6gz4,ac6a9faea505,DMS_MaP
Bw,6gz4,8b5602574246,DMS_MaP
Bw,6gz4,36f6efa650a6,DMS_MaP
Bw,6gz4,527b2d5a2808,DMS_MaP
Bw,6gz4,99822f5ea212,DMS_MaP
Bw,6gz4,1d09242a2dd4,DMS_MaP
Bw,6gz4,734df0d5a3ff,DMS_MaP
Bw,6gz4,69a3190e9850,DMS_MaP
Bw,6gz4,3544c0a2c219,DMS_MaP
Bw,6gz4,fdaa23754320,DMS_MaP
Bw,6gz4,e5cce2b0d421,DMS_MaP
Bw,6gz4,00f934633f23,DMS_MaP
Bw,6gz4,03d2ab5d3d0a,DMS_MaP
Bw,6gz4,4c17333b7fc4,DMS_MaP
Bw,6gz4,dac7334be8b3,DMS_MaP
Bw,6gz4,85eb2e0b987f,DMS_MaP
Bw,6gz4,fb3bd558918b,DMS_MaP
Bw,6gz4,0879b5543204,DMS_MaP
Bw,6gz4,e2e8753615ca,DMS_MaP
Bw,6gz4,4058a780185d,DMS_MaP
Bw,6gz4,480c73a04db1,DMS_MaP
Bw,6gz4,8351865b7216,DMS_MaP
Bw,6gz4,76c50b4e5c38,DMS_MaP
Bw,6gz4,e588ed45f05c,DMS_MaP
Bw,6gz4,078edd222b1c,DMS_MaP
Bw,6gz4,c22c2cbd46a7,DMS_MaP
Bw,6gz4,51e8d7f87572,DMS_MaP
Bw,6gz4,c35118b45b09,DMS_MaP
Bw,6gz4,686b48fccb9d,DMS_MaP
Bw,6gz4,098efe9cf61b,DMS_MaP
Bw,6gz4,5180c7e8b3c8,DMS_MaP
Bw,6gz4,c228292a5a97,DMS_MaP
Bw,6gz4,de34c6e39169,DMS_MaP
Bw,6gz4,d3efbf05adc6,DMS_MaP
Bw,6gz4,9af2f8856d76,DMS_MaP
Bw,6gz4,d0a8619cbacd,DMS_MaP
Bw,6gz4,7bbe38a991dc,DMS_MaP
Bw,6gz4,2147445d8c73,DMS_MaP
Bw,6gz4,37cfd06e378e,DMS_MaP
Bw,6gz4,d22858cb5235,DMS_MaP
Bw,6gz4,d20086eedb33,DMS_MaP
Bw,6gz4,ee40a8f0e0b9,DMS_MaP
Bw,6gz4,621d1d8045af,DMS_MaP
Bw,6gz4,c453c9fc97ee,DMS_MaP
Bw,6gz4,600b925c323f,DMS_MaP
Bw,6gz4,84edc61e16a1,DMS_MaP
Bw,6gz4,543393ba6d1c,DMS_MaP
Bw,6gz4,a5daacd65491,DMS_MaP
Bw,6gz4,07585f9163ad,DMS_MaP
Bw,6gz4,ac44432acbb5,DMS_MaP
Bw,6gz4,a98bfd6de25c,DMS_MaP
Bw,6gz4,1b575442a235,DMS_MaP
Bw,6gz4,c56899ebc26a,DMS_MaP
Bw,6gz4,f366ba38733a,DMS_MaP
Bw,6gz4,128b25cebf7b,DMS_MaP
Bw,6gz4,bbba543fa351,DMS_MaP
Bw,6gz4,4e0a30722feb,DMS_MaP
Bw,6gz4,de624cd7406f,DMS_MaP
Bw,6gz4,e89ead12c6c9,DMS_MaP
Bw,6gz4,1099eccf94be,DMS_MaP
Bw,6gz4,aabfd34bf0c1,DMS_MaP
Bw,6gz4,d7ed11ea35b8,DMS_MaP
Bw,6gz4,f799b51e90a2,DMS_MaP
Bw,6gz4,9737516fac8c,DMS_MaP
Bw,6gz4,de193fb629b3,DMS_MaP
Bw,6gz4,8569d72a279f,DMS_MaP
Bw,6gz4,4ffd6b568463,DMS_MaP
Bw,6gz4,952617317a52,DMS_MaP
Bw,6gz4,b56add948dab,DMS_MaP
Bw,6gz4,abbb6b6374cd,DMS_MaP
Bw,6gz4,a03cf70bdad7,DMS_MaP
Bw,6gz4,1c17ba3f8117,DMS_MaP
Bw,6gz4,5393628cee5b,DMS_MaP
Bw,6gz4,4ba83a53a25f,DMS_MaP
Bw,6gz4,c88e0c163e5c,DMS_MaP
Bw,6gz4,c7f26955fd4e,DMS_MaP
Bw,6gz4,84eb28aedca3,DMS_MaP
Bw,6gz4,05a87af11bbb,DMS_MaP
Bw,6gz4,67f6627e3d4a,DMS_MaP
Bw,6gz4,978f067a4111,DMS_MaP
Bw,6gz4,319b70933c34,DMS_MaP
Bw,6gz4,088113199604,DMS_MaP
Bw,6gz4,a04f1ca92db1,DMS_MaP
Bw,6gz4,eb9115558ac1,DMS_MaP
Bw,6gz4,c0f9fe897e4e,DMS_MaP
Bw,6gz4,edfceab66685,DMS_MaP
Bw,6gz4,3082788ddd9c,DMS_MaP
Bw,6gz4,b004d287ffd8,DMS_MaP
Bw,6gz4,e4b34cf80432,DMS_MaP
Bw,6gz4,8b644c5bfff7,DMS_MaP
Bw,6gz4,20e48d4cafab,DMS_MaP
Bw,6gz4,82538d53b8cf,DMS_MaP
Bw,6gz4,b6dd6ce7ef8d,DMS_MaP
Bw,6gz4,a2a4fcc471e8,DMS_MaP
Bw,6gz4,63d6db15bbba,DMS_MaP
Bw,6gz4,acbd0099bf16,DMS_MaP
Bw,6gz4,9fcce898036f,DMS_MaP
Bw,6gz4,38d29f041039,DMS_MaP
Bw,6gz4,edc6bddb73b5,DMS_MaP
Bw,6gz4,a958219771c6,DMS_MaP
Bw,6gz4,d5024d681767,DMS_MaP
Bw,6gz4,248de9e8c643,DMS_MaP
Bw,6gz4,5db8f03398d5,DMS_MaP
Bw,6gz4,8b4f5873824f,DMS_MaP
Bw,6gz4,60edf30d5e0b,DMS_MaP
Bw,6gz4,4d5ea20109c0,DMS_MaP
Bw,6gz4,fb5fa55caead,DMS_MaP
Bw,6gz4,2a8254400048,DMS_MaP
Bw,6gz4,97a4414efdee,DMS_MaP
Bw,6gz4,3afe85a42a81,DMS_MaP
Bw,6gz4,814b7d898fee,DMS_MaP
Bw,6gz4,39717f36123a,DMS_MaP
Bw,6gz4,56376f3048d9,DMS_MaP
Bw,6gz4,653ca91a0014,DMS_MaP
Bw,6gz4,d8407612ac68,DMS_MaP
Bw,6gz4,64f7a151f4f9,DMS_MaP
Bw,6gz4,58e0195c3eab,DMS_MaP
Bw,6gz4,00d1ed1c41cb,DMS_MaP
Bw,6gz4,dbc43692519f,DMS_MaP
Bw,6gz4,ba4de6e3d38c,DMS_MaP
Bw,6gz4,f8449907a0da,DMS_MaP
Bw,6gz4,7a64286cc887,DMS_MaP
Bw,6gz4,136c6086939c,DMS_MaP
Bw,6gz4,c56b1021146b,DMS_MaP
Bw,6gz4,ed0e27c713ac,DMS_MaP
Bw,6gz4,183eda893b9e,DMS_MaP
Bw,6gz4,f4f02b695aa6,DMS_MaP
Bw,6gz4,47d71625832d,DMS_MaP
Bw,6gz4,a895cc78874f,DMS_MaP
Bw,6gz4,f595bd9b567d,DMS_MaP
Bw,6gz4,db81df461cd4,DMS_MaP
Bw,6gz4,f7e0f3e02a2d,DMS_MaP
Bw,6gz4,89d4b94d5675,DMS_MaP
Bw,6gz4,a3aea56a9f89,DMS_MaP
Bw,6gz4,ca287ee60bc7,DMS_MaP
Bw,6gz4,e897a03a6c98,DMS_MaP
Bw,6gz4,240fe5deb431,DMS_MaP
Bw,6gz4,2c32b4eeef6d,DMS_MaP
Bw,6gz4,e2041d3e706a,DMS_MaP
Bw,6gz4,73602c2130b4,DMS_MaP
Bw,6gz4,8cd2540980e8,DMS_MaP
Bw,6gz4,d79b6f3f69ab,DMS_MaP
Bw,6gz4,1df4ec91c289,DMS_MaP
Bw,6gz4,a942e360cb32,DMS_MaP
Bw,6gz4,a3921048f105,DMS_MaP
Bw,6gz4,36ccfb6d15b0,DMS_MaP
Bw,6gz4,b7850377be88,DMS_MaP
Bw,6gz4,fb0671a79acc,DMS_MaP
Bw,6gz4,9b6587b4cc99,DMS_MaP
Bw,6gz4,612a4d5f9bc9,DMS_MaP
Bw,6gz4,75f148debfcd,DMS_MaP
Bw,6gz4,4171f1df93bd,DMS_MaP
Bw,6gz4,bea2c7adf152,DMS_MaP
Bw,6gz4,39f943fed7ee,DMS_MaP
Bw,6gz4,966df7f0fb12,DMS_MaP
Bw,6gz4,6b3c937b8490,DMS_MaP
Bw,6gz4,953d06fd339d,DMS_MaP
Bw,6gz4,6480e9a9b469,DMS_MaP
Bw,6gz4,7935ff3f5f51,DMS_MaP
Bw,6gz4,75351f756325,DMS_MaP
Bw,6gz4,48f03a025e13,DMS_MaP
Bw,6gz4,36050130eb06,DMS_MaP
Bw,6gz4,0b7479b63123,DMS_MaP
Bw,6gz4,3e6e40fae81a,DMS_MaP
Bw,6gz4,1d31bd25876f,DMS_MaP
Bw,6gz4,3d68088641d4,DMS_MaP
Bw,6gz4,2c89784e60b3,DMS_MaP
Bw,6gz4,9629a1eca416,DMS_MaP
Bw,6gz4,f71ba7d0f1f1,DMS_MaP
Bw,6gz4,66399b148770,DMS_MaP
Bw,6gz4,7db7a87530bf,DMS_MaP
Bw,6gz4,56208e3bd29d,DMS_MaP
Bw,6gz4,9b9bda65790b,DMS_MaP
Bw,6gz4,2f503b3dafec,DMS_MaP
Bw,6gz4,74a2595be5c7,DMS_MaP
Bw,6gz4,f80f7eb41d52,DMS_MaP
Bw,6gz4,2e89cc42350c,DMS_MaP
Bw,6gz4,4fd369d50d77,DMS_MaP
Bw,6gz4,1913082e4dd1,DMS_MaP
Bw,6gz4,234fbe75cd55,DMS_MaP
Bw,6gz4,26ce9254d65e,DMS_MaP
Bw,6gz4,ac630c2b2013,DMS_MaP
Bw,6gz4,f9dc89f7070d,DMS_MaP
Bw,6gz4,ab687d970e4e,DMS_MaP
Bw,6gz4,f5d5b8a7c546,DMS_MaP
Bw,6gz4,d9fbc0f68771,DMS_MaP
Bw,6gz4,c1c7b61761b9,DMS_MaP
Bw,6gz4,006df12bf1f4,DMS_MaP
Bw,6gz4,24d6c2a5b40c,DMS_MaP
Bw,6gz4,cc11a60fee96,DMS_MaP
Bw,6gz4,0f13649cffbb,DMS_MaP
Bw,6gz4,0f1841eb9264,DMS_MaP
Bw,6gz4,a96a9e3b0ff2,DMS_MaP
Bw,6gz4,5676bca8f032,DMS_MaP
Bw,6gz4,dc2b00eb7ed8,DMS_MaP
Bw,6gz4,01d18a6d82fe,DMS_MaP
Bw,6gz4,ad4a70530aa1,DMS_MaP
Bw,6gz4,109eed49464b,DMS_MaP
Bw,6gz4,294443f6f9c2,DMS_MaP
Bw,6gz4,638182399953,DMS_MaP
Bw,6gz4,70adbab54021,DMS_MaP
Bw,6gz4,30f7b837e244,DMS_MaP
Bw,6gz4,384ed5332921,DMS_MaP
Bw,6gz4,29b70b42145e,DMS_MaP
Bw,6gz4,f36817e7eacd,DMS_MaP
Bw,6gz4,018360520c07,DMS_MaP
Bw,6gz4,47119301e180,DMS_MaP
Bw,6gz4,60449b30eb9f,DMS_MaP
Bw,6gz4,435fb2003d60,DMS_MaP
Bw,6gz4,3ce620996947,DMS_MaP
Bw,6gz4,7e116d3b37da,DMS_MaP
Bw,6gz4,dcf200198c15,DMS_MaP
Bw,6gz4,9c5363ced7f6,DMS_MaP
Bw,6gz4,7ddaf7daa81e,DMS_MaP
Bw,6gz4,a5c4c7394354,DMS_MaP
Bw,6gz4,04133928eacb,DMS_MaP
Bw,6gz4,5bf36301df1b,DMS_MaP
Bw,6gz4,5b2dcb4639a2,DMS_MaP
Bw,6gz4,0c8ea54b5e2b,DMS_MaP
Bw,6gz4,0c340aaf143a,DMS_MaP
Bw,6gz4,8fbe5cd71c0c,DMS_MaP
Bw,6gz4,0f9cf718dc27,DMS_MaP
Bw,6gz4,1ed6039ffb5c,DMS_MaP
Bw,6gz4,6fcb6888fb45,DMS_MaP
Bw,6gz4,aa1886ad35bb,DMS_MaP
Bw,6gz4,47c52a5a830b,DMS_MaP
Bw,6gz4,23f4fa04e0f3,DMS_MaP
Bw,6gz4,2818cb74de9c,DMS_MaP
Bw,6gz4,1ff2811aa77f,DMS_MaP
Bw,6gz4,dfbd0d1a3fb2,DMS_MaP
Bw,6gz4,a0dcde46b9d4,DMS_MaP
Bw,6gz4,b7bdbf79b4f3,DMS_MaP
Bw,6gz4,c78535d7c601,DMS_MaP
Bw,6gz4,7c4e6bf9565a,DMS_MaP
Bw,6gz4,8a2e9145399a,DMS_MaP
Bw,6gz4,e78f0c542609,DMS_MaP
Bw,6gz4,8d77fdb45030,DMS_MaP
Bw,6gz4,6ec9b83607e6,DMS_MaP
Bw,6gz4,6f133196b5fe,DMS_MaP
Bw,6gz4,34e1d1493c6c,DMS_MaP
Bw,6gz4,40d97dbc2518,DMS_MaP
Bw,6gz4,a761e487e396,DMS_MaP
Bw,6gz4,5e1117f27955,DMS_MaP
Bw,6gz4,9b49aae19914,DMS_MaP
Bw,6gz4,f7432f5e6b68,DMS_MaP
Bw,6gz4,15f31a11b4f1,DMS_MaP
Bw,6gz4,a0402fe1b681,DMS_MaP
Bw,6gz4,f43b519b031e,DMS_MaP
Bw,6gz4,d0e6dbfa00e6,DMS_MaP
Bw,6gz4,19f4018552ed,DMS_MaP
Bw,6gz4,22419a25a3d9,DMS_MaP
Bw,6gz4,0b69f55ac9ad,DMS_MaP
Bw,6gz4,9ad7137e7fa7,DMS_MaP
Bw,6gz4,16ca1c1168e4,DMS_MaP
Bw,6gz4,d0b3bd05883b,DMS_MaP
Bw,6gz4,43c6effed760,DMS_MaP
Bw,6gz4,b6a23f5593df,DMS_MaP
Bw,6gz4,2db20063f06c,DMS_MaP
Bw,6gz4,30ab6d3ab511,DMS_MaP
Bw,6gz4,d2887a394c6a,DMS_MaP
Bw,6gz4,2102b6744c26,DMS_MaP
Bw,6gz4,18f9bc27157d,DMS_MaP
Bw,6gz4,e48a5bedf389,DMS_MaP
Bw,6gz4,979910e6b4d7,DMS_MaP
Bw,6gz4,a76a4f1a0402,DMS_MaP
Bw,6gz4,b7dbafe24b7f,DMS_MaP
Bw,6gz4,d45419bf54c3,DMS_MaP
Bw,6gz4,6c5b157a2866,DMS_MaP
Bw,6gz4,6dbd5310a98a,DMS_MaP
Bw,6gz4,50ee7136dd43,DMS_MaP
Bw,6gz4,95b5e4335d4b,DMS_MaP
Bw,6gz4,d8b21cda83ae,DMS_MaP
Bw,6gz4,54c2984ecb04,2A3_MaP
Bw,6gz4,00f27aca4a09,2A3_MaP
Bw,6gz4,8a851b4fa9ff,2A3_MaP
Bw,6gz4,75d6ce5fe607,2A3_MaP
Bw,6gz4,54c2984ecb04,DMS_MaP
Bw,6gz4,00f27aca4a09,DMS_MaP
Bw,6gz4,8a851b4fa9ff,DMS_MaP
Bw,6gz4,75d6ce5fe607,DMS_MaP
T,6ah3,ac6a9faea505,2A3_MaP
T,6ah3,8b5602574246,2A3_MaP
T,6ah3,69a3190e9850,2A3_MaP
T,6ah3,fdaa23754320,2A3_MaP
T,6ah3,e5cce2b0d421,2A3_MaP
T,6ah3,00f934633f23,2A3_MaP
T,6ah3,03d2ab5d3d0a,2A3_MaP
T,6ah3,53816fe10e87,2A3_MaP
T,6ah3,dac7334be8b3,2A3_MaP
T,6ah3,b150aa93b360,2A3_MaP
T,6ah3,85eb2e0b987f,2A3_MaP
T,6ah3,fb3bd558918b,2A3_MaP
T,6ah3,0879b5543204,2A3_MaP
T,6ah3,7de894e90f1c,2A3_MaP
T,6ah3,b776517628ac,2A3_MaP
T,6ah3,e2e8753615ca,2A3_MaP
T,6ah3,4058a780185d,2A3_MaP
T,6ah3,480c73a04db1,2A3_MaP
T,6ah3,8351865b7216,2A3_MaP
T,6ah3,76c50b4e5c38,2A3_MaP
T,6ah3,e588ed45f05c,2A3_MaP
T,6ah3,7ea9fb61744e,2A3_MaP
T,6ah3,078edd222b1c,2A3_MaP
T,6ah3,c22c2cbd46a7,2A3_MaP
T,6ah3,51e8d7f87572,2A3_MaP
T,6ah3,8d98fa320123,2A3_MaP
T,6ah3,c35118b45b09,2A3_MaP
T,6ah3,686b48fccb9d,2A3_MaP
T,6ah3,098efe9cf61b,2A3_MaP
T,6ah3,5a8fa78350a5,2A3_MaP
T,6ah3,9af2f8856d76,2A3_MaP
T,6ah3,7bbe38a991dc,2A3_MaP
T,6ah3,ce4d5dd5a217,2A3_MaP
T,6ah3,bb7dab8d48c7,2A3_MaP
T,6ah3,2147445d8c73,2A3_MaP
T,6ah3,37cfd06e378e,2A3_MaP
T,6ah3,d22858cb5235,2A3_MaP
T,6ah3,2777a8918c94,2A3_MaP
T,6ah3,d8f41084ff59,2A3_MaP
T,6ah3,621d1d8045af,2A3_MaP
T,6ah3,7cdcf696e622,2A3_MaP
T,6ah3,9a8f4b37ebd3,2A3_MaP
T,6ah3,600b925c323f,2A3_MaP
T,6ah3,07585f9163ad,2A3_MaP
T,6ah3,ac44432acbb5,2A3_MaP
T,6ah3,d1f8ea18193d,2A3_MaP
T,6ah3,a98bfd6de25c,2A3_MaP
T,6ah3,833e27389115,2A3_MaP
T,6ah3,1b575442a235,2A3_MaP
T,6ah3,c56899ebc26a,2A3_MaP
T,6ah3,f366ba38733a,2A3_MaP
T,6ah3,128b25cebf7b,2A3_MaP
T,6ah3,71a6ee0a791f,2A3_MaP
T,6ah3,ac61660ada96,2A3_MaP
T,6ah3,79dad159a08d,2A3_MaP
T,6ah3,604557c72e85,2A3_MaP
T,6ah3,e89ead12c6c9,2A3_MaP
T,6ah3,d2b427ef5b78,2A3_MaP
T,6ah3,1099eccf94be,2A3_MaP
T,6ah3,5b81994e94f6,2A3_MaP
T,6ah3,f799b51e90a2,2A3_MaP
T,6ah3,9737516fac8c,2A3_MaP
T,6ah3,f2e839642fc4,2A3_MaP
T,6ah3,d01d6baa265f,2A3_MaP
T,6ah3,e8ae9115cea7,2A3_MaP
T,6ah3,de193fb629b3,2A3_MaP
T,6ah3,115fbf16cfa9,2A3_MaP
T,6ah3,25a12a410407,2A3_MaP
T,6ah3,952617317a52,2A3_MaP
T,6ah3,b56add948dab,2A3_MaP
T,6ah3,8051eb45f3a2,2A3_MaP
T,6ah3,abbb6b6374cd,2A3_MaP
T,6ah3,f477a614b816,2A3_MaP
T,6ah3,a03cf70bdad7,2A3_MaP
T,6ah3,1c17ba3f8117,2A3_MaP
T,6ah3,5393628cee5b,2A3_MaP
T,6ah3,c88e0c163e5c,2A3_MaP
T,6ah3,c7f26955fd4e,2A3_MaP
T,6ah3,dee5f2184336,2A3_MaP
T,6ah3,84eb28aedca3,2A3_MaP
T,6ah3,05a87af11bbb,2A3_MaP
T,6ah3,08fa2805511c,2A3_MaP
T,6ah3,67f6627e3d4a,2A3_MaP
T,6ah3,d7a2c8c060ee,2A3_MaP
T,6ah3,978f067a4111,2A3_MaP
T,6ah3,319b70933c34,2A3_MaP
T,6ah3,088113199604,2A3_MaP
T,6ah3,a860ec790140,2A3_MaP
T,6ah3,a42a79ab6ebf,2A3_MaP
T,6ah3,a04f1ca92db1,2A3_MaP
T,6ah3,eb9115558ac1,2A3_MaP
T,6ah3,c0f9fe897e4e,2A3_MaP
T,6ah3,edfceab66685,2A3_MaP
T,6ah3,3082788ddd9c,2A3_MaP
T,6ah3,64007b164cbe,2A3_MaP
T,6ah3,86b8c5e8fe73,2A3_MaP
T,6ah3,e4b34cf80432,2A3_MaP
T,6ah3,3db1fba2e4d1,2A3_MaP
T,6ah3,8b644c5bfff7,2A3_MaP
T,6ah3,20e48d4cafab,2A3_MaP
T,6ah3,82538d53b8cf,2A3_MaP
T,6ah3,b6dd6ce7ef8d,2A3_MaP
T,6ah3,c46354aa7b02,2A3_MaP
T,6ah3,692c504e8a29,2A3_MaP
T,6ah3,a2a4fcc471e8,2A3_MaP
T,6ah3,6a26979cfe82,2A3_MaP
T,6ah3,63d6db15bbba,2A3_MaP
T,6ah3,acbd0099bf16,2A3_MaP
T,6ah3,bc71aa50fb49,2A3_MaP
T,6ah3,9fcce898036f,2A3_MaP
T,6ah3,38d29f041039,2A3_MaP
T,6ah3,edc6bddb73b5,2A3_MaP
T,6ah3,a958219771c6,2A3_MaP
T,6ah3,d5024d681767,2A3_MaP
T,6ah3,248de9e8c643,2A3_MaP
T,6ah3,5db8f03398d5,2A3_MaP
T,6ah3,8b4f5873824f,2A3_MaP
T,6ah3,60edf30d5e0b,2A3_MaP
T,6ah3,4d5ea20109c0,2A3_MaP
T,6ah3,fb5fa55caead,2A3_MaP
T,6ah3,2a8254400048,2A3_MaP
T,6ah3,97a4414efdee,2A3_MaP
T,6ah3,249a0a5dfe28,2A3_MaP
T,6ah3,3afe85a42a81,2A3_MaP
T,6ah3,814b7d898fee,2A3_MaP
T,6ah3,8654433d473b,2A3_MaP
T,6ah3,39717f36123a,2A3_MaP
T,6ah3,56376f3048d9,2A3_MaP
T,6ah3,653ca91a0014,2A3_MaP
T,6ah3,28f0b105b041,2A3_MaP
T,6ah3,d8407612ac68,2A3_MaP
T,6ah3,64f7a151f4f9,2A3_MaP
T,6ah3,c709e458e15f,2A3_MaP
T,6ah3,5acb94bf9544,2A3_MaP
T,6ah3,baa0668f92ce,2A3_MaP
T,6ah3,7f31376b74ff,2A3_MaP
T,6ah3,f85bcbe6955e,2A3_MaP
T,6ah3,58e0195c3eab,2A3_MaP
T,6ah3,e64603d174a6,2A3_MaP
T,6ah3,00d1ed1c41cb,2A3_MaP
T,6ah3,dbc43692519f,2A3_MaP
T,6ah3,ba4de6e3d38c,2A3_MaP
T,6ah3,f8449907a0da,2A3_MaP
T,6ah3,7a64286cc887,2A3_MaP
T,6ah3,72af1ba78ccc,2A3_MaP
T,6ah3,136c6086939c,2A3_MaP
T,6ah3,c56b1021146b,2A3_MaP
T,6ah3,ed0e27c713ac,2A3_MaP
T,6ah3,183eda893b9e,2A3_MaP
T,6ah3,2114cfca40de,2A3_MaP
T,6ah3,f4f02b695aa6,2A3_MaP
T,6ah3,47d71625832d,2A3_MaP
T,6ah3,bfde5ff5b4cf,2A3_MaP
T,6ah3,a895cc78874f,2A3_MaP
T,6ah3,f595bd9b567d,2A3_MaP
T,6ah3,db81df461cd4,2A3_MaP
T,6ah3,f7e0f3e02a2d,2A3_MaP
T,6ah3,2a2c1f1165cc,2A3_MaP
T,6ah3,89d4b94d5675,2A3_MaP
T,6ah3,a3aea56a9f89,2A3_MaP
T,6ah3,9ad4969c7d22,2A3_MaP
T,6ah3,7e3121d898ce,2A3_MaP
T,6ah3,ca287ee60bc7,2A3_MaP
T,6ah3,240fe5deb431,2A3_MaP
T,6ah3,2c32b4eeef6d,2A3_MaP
T,6ah3,ed5576035a74,2A3_MaP
T,6ah3,e2041d3e706a,2A3_MaP
T,6ah3,73602c2130b4,2A3_MaP
T,6ah3,35a6aec46151,2A3_MaP
T,6ah3,8cd2540980e8,2A3_MaP
T,6ah3,d79b6f3f69ab,2A3_MaP
T,6ah3,1df4ec91c289,2A3_MaP
T,6ah3,2c3c6b5570e3,2A3_MaP
T,6ah3,a942e360cb32,2A3_MaP
T,6ah3,a3921048f105,2A3_MaP
T,6ah3,36ccfb6d15b0,2A3_MaP
T,6ah3,b7850377be88,2A3_MaP
T,6ah3,fb0671a79acc,2A3_MaP
T,6ah3,612a4d5f9bc9,2A3_MaP
T,6ah3,29a5cbb503bb,2A3_MaP
T,6ah3,75f148debfcd,2A3_MaP
T,6ah3,4171f1df93bd,2A3_MaP
T,6ah3,bea2c7adf152,2A3_MaP
T,6ah3,39f943fed7ee,2A3_MaP
T,6ah3,966df7f0fb12,2A3_MaP
T,6ah3,6b3c937b8490,2A3_MaP
T,6ah3,7a36c1c50366,2A3_MaP
T,6ah3,953d06fd339d,2A3_MaP
T,6ah3,35df68997c65,2A3_MaP
T,6ah3,6480e9a9b469,2A3_MaP
T,6ah3,62db6babee9b,2A3_MaP
T,6ah3,7935ff3f5f51,2A3_MaP
T,6ah3,75351f756325,2A3_MaP
T,6ah3,31dcf442517e,2A3_MaP
T,6ah3,8ba9339d246f,2A3_MaP
T,6ah3,48f03a025e13,2A3_MaP
T,6ah3,36050130eb06,2A3_MaP
T,6ah3,0b7479b63123,2A3_MaP
T,6ah3,3e6e40fae81a,2A3_MaP
T,6ah3,1d31bd25876f,2A3_MaP
T,6ah3,4549a4a8f3b4,2A3_MaP
T,6ah3,4fe21272089c,2A3_MaP
T,6ah3,3d68088641d4,2A3_MaP
T,6ah3,2c89784e60b3,2A3_MaP
T,6ah3,9629a1eca416,2A3_MaP
T,6ah3,f71ba7d0f1f1,2A3_MaP
T,6ah3,66399b148770,2A3_MaP
T,6ah3,504fe4f8a789,2A3_MaP
T,6ah3,243cd68814a4,2A3_MaP
T,6ah3,5bceb530ae5b,2A3_MaP
T,6ah3,e5c5cac8ef21,2A3_MaP
T,6ah3,7db7a87530bf,2A3_MaP
T,6ah3,56208e3bd29d,2A3_MaP
T,6ah3,9b9bda65790b,2A3_MaP
T,6ah3,2f503b3dafec,2A3_MaP
T,6ah3,74a2595be5c7,2A3_MaP
T,6ah3,f80f7eb41d52,2A3_MaP
T,6ah3,2e89cc42350c,2A3_MaP
T,6ah3,4fd369d50d77,2A3_MaP
T,6ah3,25fc474f9cb9,2A3_MaP
T,6ah3,1913082e4dd1,2A3_MaP
T,6ah3,234fbe75cd55,2A3_MaP
T,6ah3,26ce9254d65e,2A3_MaP
T,6ah3,0a001c69d093,2A3_MaP
T,6ah3,ac630c2b2013,2A3_MaP
T,6ah3,7c8ffa5780d9,2A3_MaP
T,6ah3,f66efd73d6ee,2A3_MaP
T,6ah3,c4fdb7f142c5,2A3_MaP
T,6ah3,f9dc89f7070d,2A3_MaP
T,6ah3,ab687d970e4e,2A3_MaP
T,6ah3,dc9fd0548aca,2A3_MaP
T,6ah3,25d3da12f99a,2A3_MaP
T,6ah3,d9fbc0f68771,2A3_MaP
T,6ah3,c1c7b61761b9,2A3_MaP
T,6ah3,006df12bf1f4,2A3_MaP
T,6ah3,24d6c2a5b40c,2A3_MaP
T,6ah3,cc11a60fee96,2A3_MaP
T,6ah3,0f13649cffbb,2A3_MaP
T,6ah3,480f3e64ec67,2A3_MaP
T,6ah3,cad50d3af011,2A3_MaP
T,6ah3,4b065b344bf0,2A3_MaP
T,6ah3,0f1841eb9264,2A3_MaP
T,6ah3,a96a9e3b0ff2,2A3_MaP
T,6ah3,5676bca8f032,2A3_MaP
T,6ah3,dc2b00eb7ed8,2A3_MaP
T,6ah3,01d18a6d82fe,2A3_MaP
T,6ah3,ad4a70530aa1,2A3_MaP
T,6ah3,109eed49464b,2A3_MaP
T,6ah3,294443f6f9c2,2A3_MaP
T,6ah3,e6998abc14d9,2A3_MaP
T,6ah3,e0e36fe1cff2,2A3_MaP
T,6ah3,017aacff19ec,2A3_MaP
T,6ah3,638182399953,2A3_MaP
T,6ah3,70adbab54021,2A3_MaP
T,6ah3,30f7b837e244,2A3_MaP
T,6ah3,384ed5332921,2A3_MaP
T,6ah3,29b70b42145e,2A3_MaP
T,6ah3,f36817e7eacd,2A3_MaP
T,6ah3,12ff2dd9b09e,2A3_MaP
T,6ah3,018360520c07,2A3_MaP
T,6ah3,f2d105ebf021,2A3_MaP
T,6ah3,5ac3a6022ea5,2A3_MaP
T,6ah3,bc766b6d34ff,2A3_MaP
T,6ah3,f2cbd45f6320,2A3_MaP
T,6ah3,a90ba2ec16dc,2A3_MaP
T,6ah3,47119301e180,2A3_MaP
T,6ah3,60449b30eb9f,2A3_MaP
T,6ah3,435fb2003d60,2A3_MaP
T,6ah3,4166aa95bb55,2A3_MaP
T,6ah3,2de981c333eb,2A3_MaP
T,6ah3,3ce620996947,2A3_MaP
T,6ah3,7e116d3b37da,2A3_MaP
T,6ah3,dcf200198c15,2A3_MaP
T,6ah3,6beb13287b34,2A3_MaP
T,6ah3,6daa3c4cc6a1,2A3_MaP
T,6ah3,012968f85701,2A3_MaP
T,6ah3,32e1198cd5c8,2A3_MaP
T,6ah3,9c5363ced7f6,2A3_MaP
T,6ah3,dc39f51f64a4,2A3_MaP
T,6ah3,7ddaf7daa81e,2A3_MaP
T,6ah3,a5c4c7394354,2A3_MaP
T,6ah3,04133928eacb,2A3_MaP
T,6ah3,5bf36301df1b,2A3_MaP
T,6ah3,5b2dcb4639a2,2A3_MaP
T,6ah3,0c8ea54b5e2b,2A3_MaP
T,6ah3,18d86c440bd2,2A3_MaP
T,6ah3,92c70c77d584,2A3_MaP
T,6ah3,0c340aaf143a,2A3_MaP
T,6ah3,8fbe5cd71c0c,2A3_MaP
T,6ah3,0f9cf718dc27,2A3_MaP
T,6ah3,1ed6039ffb5c,2A3_MaP
T,6ah3,6fcb6888fb45,2A3_MaP
T,6ah3,aa1886ad35bb,2A3_MaP
T,6ah3,312892100724,2A3_MaP
T,6ah3,47c52a5a830b,2A3_MaP
T,6ah3,23f4fa04e0f3,2A3_MaP
T,6ah3,b8a4be0b75e6,2A3_MaP
T,6ah3,2818cb74de9c,2A3_MaP
T,6ah3,1ff2811aa77f,2A3_MaP
T,6ah3,eba2016a5e9c,2A3_MaP
T,6ah3,5501ca05daa6,2A3_MaP
T,6ah3,f6f3a59c8c1d,2A3_MaP
T,6ah3,4233adad307f,2A3_MaP
T,6ah3,3933ce19b5ed,2A3_MaP
T,6ah3,915afa4602bb,2A3_MaP
T,6ah3,dfbd0d1a3fb2,2A3_MaP
T,6ah3,8f46773bcf27,2A3_MaP
T,6ah3,a0dcde46b9d4,2A3_MaP
T,6ah3,b7bdbf79b4f3,2A3_MaP
T,6ah3,94cc22bcbeb7,2A3_MaP
T,6ah3,c78535d7c601,2A3_MaP
T,6ah3,7c4e6bf9565a,2A3_MaP
T,6ah3,37bfed4a008f,2A3_MaP
T,6ah3,8a2e9145399a,2A3_MaP
T,6ah3,e78f0c542609,2A3_MaP
T,6ah3,8d77fdb45030,2A3_MaP
T,6ah3,54330c262db2,2A3_MaP
T,6ah3,213e1a782308,2A3_MaP
T,6ah3,38a791318ba6,2A3_MaP
T,6ah3,4e0809100e25,2A3_MaP
T,6ah3,d071cd0a2eb4,2A3_MaP
T,6ah3,6ec9b83607e6,2A3_MaP
T,6ah3,6f133196b5fe,2A3_MaP
T,6ah3,94e345798b39,2A3_MaP
T,6ah3,34e1d1493c6c,2A3_MaP
T,6ah3,4a52a5756a95,2A3_MaP
T,6ah3,40d97dbc2518,2A3_MaP
T,6ah3,a761e487e396,2A3_MaP
T,6ah3,5e1117f27955,2A3_MaP
T,6ah3,4ea37d1ac7d3,2A3_MaP
T,6ah3,315744d7f147,2A3_MaP
T,6ah3,9b49aae19914,2A3_MaP
T,6ah3,f7432f5e6b68,2A3_MaP
T,6ah3,a0f2646f8960,2A3_MaP
T,6ah3,c56d167f36f2,2A3_MaP
T,6ah3,15f31a11b4f1,2A3_MaP
T,6ah3,a0402fe1b681,2A3_MaP
T,6ah3,f43b519b031e,2A3_MaP
T,6ah3,d0e6dbfa00e6,2A3_MaP
T,6ah3,19f4018552ed,2A3_MaP
T,6ah3,22419a25a3d9,2A3_MaP
T,6ah3,0b69f55ac9ad,2A3_MaP
T,6ah3,9ad7137e7fa7,2A3_MaP
T,6ah3,16ca1c1168e4,2A3_MaP
T,6ah3,d0b3bd05883b,2A3_MaP
T,6ah3,2293ddf34eaf,2A3_MaP
T,6ah3,ed442662a0ec,2A3_MaP
T,6ah3,43c6effed760,2A3_MaP
T,6ah3,b6a23f5593df,2A3_MaP
T,6ah3,2db20063f06c,2A3_MaP
T,6ah3,30ab6d3ab511,2A3_MaP
T,6ah3,f963445ac078,2A3_MaP
T,6ah3,0759093eeeaf,2A3_MaP
T,6ah3,d2887a394c6a,2A3_MaP
T,6ah3,2102b6744c26,2A3_MaP
T,6ah3,335f74ba52c2,2A3_MaP
T,6ah3,18f9bc27157d,2A3_MaP
T,6ah3,e48a5bedf389,2A3_MaP
T,6ah3,979910e6b4d7,2A3_MaP
T,6ah3,1cd2a2f36d0e,2A3_MaP
T,6ah3,a76a4f1a0402,2A3_MaP
T,6ah3,4f017f3a84e4,2A3_MaP
T,6ah3,f7ce887c64ba,2A3_MaP
T,6ah3,e74481fec45a,2A3_MaP
T,6ah3,b7dbafe24b7f,2A3_MaP
T,6ah3,d45419bf54c3,2A3_MaP
T,6ah3,ef94e88a01b0,2A3_MaP
T,6ah3,6c5b157a2866,2A3_MaP
T,6ah3,72197512667d,2A3_MaP
T,6ah3,6dbd5310a98a,2A3_MaP
T,6ah3,c8b2bc47b5bb,2A3_MaP
T,6ah3,55a8610a0fc6,2A3_MaP
T,6ah3,89ac67ab6fc3,2A3_MaP
T,6ah3,50ee7136dd43,2A3_MaP
T,6ah3,95b5e4335d4b,2A3_MaP
T,6ah3,d8b21cda83ae,2A3_MaP
T,6ah3,ac6a9faea505,DMS_MaP
T,6ah3,8b5602574246,DMS_MaP
T,6ah3,69a3190e9850,DMS_MaP
T,6ah3,fdaa23754320,DMS_MaP
T,6ah3,e5cce2b0d421,DMS_MaP
T,6ah3,00f934633f23,DMS_MaP
T,6ah3,03d2ab5d3d0a,DMS_MaP
T,6ah3,4c17333b7fc4,DMS_MaP
T,6ah3,dac7334be8b3,DMS_MaP
T,6ah3,85eb2e0b987f,DMS_MaP
T,6ah3,fb3bd558918b,DMS_MaP
T,6ah3,0879b5543204,DMS_MaP
T,6ah3,e2e8753615ca,DMS_MaP
T,6ah3,4058a780185d,DMS_MaP
T,6ah3,480c73a04db1,DMS_MaP
T,6ah3,8351865b7216,DMS_MaP
T,6ah3,76c50b4e5c38,DMS_MaP
T,6ah3,e588ed45f05c,DMS_MaP
T,6ah3,078edd222b1c,DMS_MaP
T,6ah3,c22c2cbd46a7,DMS_MaP
T,6ah3,51e8d7f87572,DMS_MaP
T,6ah3,c35118b45b09,DMS_MaP
T,6ah3,686b48fccb9d,DMS_MaP
T,6ah3,098efe9cf61b,DMS_MaP
T,6ah3,9af2f8856d76,DMS_MaP
T,6ah3,7bbe38a991dc,DMS_MaP
T,6ah3,2147445d8c73,DMS_MaP
T,6ah3,37cfd06e378e,DMS_MaP
T,6ah3,d22858cb5235,DMS_MaP
T,6ah3,621d1d8045af,DMS_MaP
T,6ah3,600b925c323f,DMS_MaP
T,6ah3,07585f9163ad,DMS_MaP
T,6ah3,ac44432acbb5,DMS_MaP
T,6ah3,a98bfd6de25c,DMS_MaP
T,6ah3,1b575442a235,DMS_MaP
T,6ah3,c56899ebc26a,DMS_MaP
T,6ah3,f366ba38733a,DMS_MaP
T,6ah3,128b25cebf7b,DMS_MaP
T,6ah3,e89ead12c6c9,DMS_MaP
T,6ah3,1099eccf94be,DMS_MaP
T,6ah3,f799b51e90a2,DMS_MaP
T,6ah3,9737516fac8c,DMS_MaP
T,6ah3,de193fb629b3,DMS_MaP
T,6ah3,952617317a52,DMS_MaP
T,6ah3,b56add948dab,DMS_MaP
T,6ah3,abbb6b6374cd,DMS_MaP
T,6ah3,a03cf70bdad7,DMS_MaP
T,6ah3,1c17ba3f8117,DMS_MaP
T,6ah3,5393628cee5b,DMS_MaP
T,6ah3,c88e0c163e5c,DMS_MaP
T,6ah3,c7f26955fd4e,DMS_MaP
T,6ah3,84eb28aedca3,DMS_MaP
T,6ah3,05a87af11bbb,DMS_MaP
T,6ah3,67f6627e3d4a,DMS_MaP
T,6ah3,978f067a4111,DMS_MaP
T,6ah3,319b70933c34,DMS_MaP
T,6ah3,088113199604,DMS_MaP
T,6ah3,a04f1ca92db1,DMS_MaP
T,6ah3,eb9115558ac1,DMS_MaP
T,6ah3,c0f9fe897e4e,DMS_MaP
T,6ah3,edfceab66685,DMS_MaP
T,6ah3,3082788ddd9c,DMS_MaP
T,6ah3,b004d287ffd8,DMS_MaP
T,6ah3,e4b34cf80432,DMS_MaP
T,6ah3,8b644c5bfff7,DMS_MaP
T,6ah3,20e48d4cafab,DMS_MaP
T,6ah3,82538d53b8cf,DMS_MaP
T,6ah3,b6dd6ce7ef8d,DMS_MaP
T,6ah3,a2a4fcc471e8,DMS_MaP
T,6ah3,63d6db15bbba,DMS_MaP
T,6ah3,acbd0099bf16,DMS_MaP
T,6ah3,9fcce898036f,DMS_MaP
T,6ah3,38d29f041039,DMS_MaP
T,6ah3,edc6bddb73b5,DMS_MaP
T,6ah3,a958219771c6,DMS_MaP
T,6ah3,d5024d681767,DMS_MaP
T,6ah3,248de9e8c643,DMS_MaP
T,6ah3,5db8f03398d5,DMS_MaP
T,6ah3,8b4f5873824f,DMS_MaP
T,6ah3,60edf30d5e0b,DMS_MaP
T,6ah3,4d5ea20109c0,DMS_MaP
T,6ah3,fb5fa55caead,DMS_MaP
T,6ah3,2a8254400048,DMS_MaP
T,6ah3,97a4414efdee,DMS_MaP
T,6ah3,3afe85a42a81,DMS_MaP
T,6ah3,814b7d898fee,DMS_MaP
T,6ah3,39717f36123a,DMS_MaP
T,6ah3,56376f3048d9,DMS_MaP
T,6ah3,653ca91a0014,DMS_MaP
T,6ah3,d8407612ac68,DMS_MaP
T,6ah3,64f7a151f4f9,DMS_MaP
T,6ah3,58e0195c3eab,DMS_MaP
T,6ah3,00d1ed1c41cb,DMS_MaP
T,6ah3,dbc43692519f,DMS_MaP
T,6ah3,ba4de6e3d38c,DMS_MaP
T,6ah3,f8449907a0da,DMS_MaP
T,6ah3,7a64286cc887,DMS_MaP
T,6ah3,136c6086939c,DMS_MaP
T,6ah3,c56b1021146b,DMS_MaP
T,6ah3,ed0e27c713ac,DMS_MaP
T,6ah3,183eda893b9e,DMS_MaP
T,6ah3,f4f02b695aa6,DMS_MaP
T,6ah3,47d71625832d,DMS_MaP
T,6ah3,a895cc78874f,DMS_MaP
T,6ah3,f595bd9b567d,DMS_MaP
T,6ah3,db81df461cd4,DMS_MaP
T,6ah3,f7e0f3e02a2d,DMS_MaP
T,6ah3,89d4b94d5675,DMS_MaP
T,6ah3,a3aea56a9f89,DMS_MaP
T,6ah3,ca287ee60bc7,DMS_MaP
T,6ah3,e897a03a6c98,DMS_MaP
T,6ah3,240fe5deb431,DMS_MaP
T,6ah3,2c32b4eeef6d,DMS_MaP
T,6ah3,e2041d3e706a,DMS_MaP
T,6ah3,73602c2130b4,DMS_MaP
T,6ah3,8cd2540980e8,DMS_MaP
T,6ah3,d79b6f3f69ab,DMS_MaP
T,6ah3,1df4ec91c289,DMS_MaP
T,6ah3,a942e360cb32,DMS_MaP
T,6ah3,a3921048f105,DMS_MaP
T,6ah3,36ccfb6d15b0,DMS_MaP
T,6ah3,b7850377be88,DMS_MaP
T,6ah3,fb0671a79acc,DMS_MaP
T,6ah3,9b6587b4cc99,DMS_MaP
T,6ah3,612a4d5f9bc9,DMS_MaP
T,6ah3,75f148debfcd,DMS_MaP
T,6ah3,4171f1df93bd,DMS_MaP
T,6ah3,bea2c7adf152,DMS_MaP
T,6ah3,39f943fed7ee,DMS_MaP
T,6ah3,966df7f0fb12,DMS_MaP
T,6ah3,6b3c937b8490,DMS_MaP
T,6ah3,953d06fd339d,DMS_MaP
T,6ah3,6480e9a9b469,DMS_MaP
T,6ah3,7935ff3f5f51,DMS_MaP
T,6ah3,75351f756325,DMS_MaP
T,6ah3,48f03a025e13,DMS_MaP
T,6ah3,36050130eb06,DMS_MaP
T,6ah3,0b7479b63123,DMS_MaP
T,6ah3,3e6e40fae81a,DMS_MaP
T,6ah3,1d31bd25876f,DMS_MaP
T,6ah3,3d68088641d4,DMS_MaP
T,6ah3,2c89784e60b3,DMS_MaP
T,6ah3,9629a1eca416,DMS_MaP
T,6ah3,f71ba7d0f1f1,DMS_MaP
T,6ah3,66399b148770,DMS_MaP
T,6ah3,7db7a87530bf,DMS_MaP
T,6ah3,56208e3bd29d,DMS_MaP
T,6ah3,9b9bda65790b,DMS_MaP
T,6ah3,2f503b3dafec,DMS_MaP
T,6ah3,74a2595be5c7,DMS_MaP
T,6ah3,f80f7eb41d52,DMS_MaP
T,6ah3,2e89cc42350c,DMS_MaP
T,6ah3,4fd369d50d77,DMS_MaP
T,6ah3,1913082e4dd1,DMS_MaP
T,6ah3,234fbe75cd55,DMS_MaP
T,6ah3,26ce9254d65e,DMS_MaP
T,6ah3,ac630c2b2013,DMS_MaP
T,6ah3,f9dc89f7070d,DMS_MaP
T,6ah3,ab687d970e4e,DMS_MaP
T,6ah3,f5d5b8a7c546,DMS_MaP
T,6ah3,d9fbc0f68771,DMS_MaP
T,6ah3,c1c7b61761b9,DMS_MaP
T,6ah3,006df12bf1f4,DMS_MaP
T,6ah3,24d6c2a5b40c,DMS_MaP
T,6ah3,cc11a60fee96,DMS_MaP
T,6ah3,0f13649cffbb,DMS_MaP
T,6ah3,0f1841eb9264,DMS_MaP
T,6ah3,a96a9e3b0ff2,DMS_MaP
T,6ah3,5676bca8f032,DMS_MaP
T,6ah3,dc2b00eb7ed8,DMS_MaP
T,6ah3,01d18a6d82fe,DMS_MaP
T,6ah3,ad4a70530aa1,DMS_MaP
T,6ah3,109eed49464b,DMS_MaP
T,6ah3,294443f6f9c2,DMS_MaP
T,6ah3,638182399953,DMS_MaP
T,6ah3,70adbab54021,DMS_MaP
T,6ah3,30f7b837e244,DMS_MaP
T,6ah3,384ed5332921,DMS_MaP
T,6ah3,29b70b42145e,DMS_MaP
T,6ah3,f36817e7eacd,DMS_MaP
T,6ah3,018360520c07,DMS_MaP
T,6ah3,47119301e180,DMS_MaP
T,6ah3,60449b30eb9f,DMS_MaP
T,6ah3,435fb2003d60,DMS_MaP
T,6ah3,3ce620996947,DMS_MaP
T,6ah3,7e116d3b37da,DMS_MaP
T,6ah3,dcf200198c15,DMS_MaP
T,6ah3,9c5363ced7f6,DMS_MaP
T,6ah3,7ddaf7daa81e,DMS_MaP
T,6ah3,a5c4c7394354,DMS_MaP
T,6ah3,04133928eacb,DMS_MaP
T,6ah3,5bf36301df1b,DMS_MaP
T,6ah3,5b2dcb4639a2,DMS_MaP
T,6ah3,0c8ea54b5e2b,DMS_MaP
T,6ah3,0c340aaf143a,DMS_MaP
T,6ah3,8fbe5cd71c0c,DMS_MaP
T,6ah3,0f9cf718dc27,DMS_MaP
T,6ah3,1ed6039ffb5c,DMS_MaP
T,6ah3,6fcb6888fb45,DMS_MaP
T,6ah3,aa1886ad35bb,DMS_MaP
T,6ah3,47c52a5a830b,DMS_MaP
T,6ah3,23f4fa04e0f3,DMS_MaP
T,6ah3,2818cb74de9c,DMS_MaP
T,6ah3,1ff2811aa77f,DMS_MaP
T,6ah3,dfbd0d1a3fb2,DMS_MaP
T,6ah3,a0dcde46b9d4,DMS_MaP
T,6ah3,b7bdbf79b4f3,DMS_MaP
T,6ah3,c78535d7c601,DMS_MaP
T,6ah3,7c4e6bf9565a,DMS_MaP
T,6ah3,8a2e9145399a,DMS_MaP
T,6ah3,e78f0c542609,DMS_MaP
T,6ah3,8d77fdb45030,DMS_MaP
T,6ah3,6ec9b83607e6,DMS_MaP
T,6ah3,6f133196b5fe,DMS_MaP
T,6ah3,34e1d1493c6c,DMS_MaP
T,6ah3,40d97dbc2518,DMS_MaP
T,6ah3,a761e487e396,DMS_MaP
T,6ah3,5e1117f27955,DMS_MaP
T,6ah3,9b49aae19914,DMS_MaP
T,6ah3,f7432f5e6b68,DMS_MaP
T,6ah3,15f31a11b4f1,DMS_MaP
T,6ah3,a0402fe1b681,DMS_MaP
T,6ah3,f43b519b031e,DMS_MaP
T,6ah3,d0e6dbfa00e6,DMS_MaP
T,6ah3,19f4018552ed,DMS_MaP
T,6ah3,22419a25a3d9,DMS_MaP
T,6ah3,0b69f55ac9ad,DMS_MaP
T,6ah3,9ad7137e7fa7,DMS_MaP
T,6ah3,16ca1c1168e4,DMS_MaP
T,6ah3,d0b3bd05883b,DMS_MaP
T,6ah3,43c6effed760,DMS_MaP
T,6ah3,b6a23f5593df,DMS_MaP
T,6ah3,2db20063f06c,DMS_MaP
T,6ah3,30ab6d3ab511,DMS_MaP
T,6ah3,d2887a394c6a,DMS_MaP
T,6ah3,2102b6744c26,DMS_MaP
T,6ah3,18f9bc27157d,DMS_MaP
T,6ah3,e48a5bedf389,DMS_MaP
T,6ah3,979910e6b4d7,DMS_MaP
T,6ah3,a76a4f1a0402,DMS_MaP
T,6ah3,b7dbafe24b7f,DMS_MaP
T,6ah3,d45419bf54c3,DMS_MaP
T,6ah3,6c5b157a2866,DMS_MaP
T,6ah3,6dbd5310a98a,DMS_MaP
T,6ah3,50ee7136dd43,DMS_MaP
T,6ah3,95b5e4335d4b,DMS_MaP
T,6ah3,d8b21cda83ae,DMS_MaP
T,6ah3,54c2984ecb04,2A3_MaP
T,6ah3,00f27aca4a09,2A3_MaP
T,6ah3,8a851b4fa9ff,2A3_MaP
T,6ah3,75d6ce5fe607,2A3_MaP
T,6ah3,54c2984ecb04,DMS_MaP
T,6ah3,00f27aca4a09,DMS_MaP
T,6ah3,8a851b4fa9ff,DMS_MaP
T,6ah3,75d6ce5fe607,DMS_MaP
AH,7o7z,b61667e007bc,2A3_MaP
AH,7o7z,b581dc95b393,2A3_MaP
AH,7o7z,0509036e6446,2A3_MaP
AH,7o7z,39bee0841522,2A3_MaP
AH,7o7z,621a76c5e34f,2A3_MaP
AH,7o7z,93b3afcbb27c,2A3_MaP
AH,7o7z,7ee63dd21d4b,2A3_MaP
AH,7o7z,1182935ff1b0,2A3_MaP
AH,7o7z,26b67bb35e8b,2A3_MaP
AH,7o7z,bda53d4b0db7,2A3_MaP
AH,7o7z,b61667e007bc,DMS_MaP
AH,7o7z,b581dc95b393,DMS_MaP
AH,7o7z,0509036e6446,DMS_MaP
AH,7o7z,39bee0841522,DMS_MaP
AH,7o7z,621a76c5e34f,DMS_MaP
AH,7o7z,93b3afcbb27c,DMS_MaP
AH,7o7z,7ee63dd21d4b,DMS_MaP
AH,7o7z,26b67bb35e8b,DMS_MaP
AH,7o7z,bda53d4b0db7,DMS_MaP
AH,7o7z,718c0edf673f,2A3_MaP
AH,7o7z,3825084e2c55,2A3_MaP
AH,7o7z,1f32a1eac72e,2A3_MaP
AH,7o7z,dfa65694fcbb,2A3_MaP
AH,7o7z,a9db9d12c77a,2A3_MaP
AH,7o7z,dbe6115e91c7,2A3_MaP
AH,7o7z,666619f085dd,2A3_MaP
AH,7o7z,5050f3127822,2A3_MaP
AH,7o7z,28a270451a43,2A3_MaP
AH,7o7z,23e9cb462630,2A3_MaP
AH,7o7z,75260c798f12,2A3_MaP
AH,7o7z,718c0edf673f,DMS_MaP
AH,7o7z,3825084e2c55,DMS_MaP
AH,7o7z,1f32a1eac72e,DMS_MaP
AH,7o7z,dfa65694fcbb,DMS_MaP
AH,7o7z,a9db9d12c77a,DMS_MaP
AH,7o7z,dbe6115e91c7,DMS_MaP
AH,7o7z,28a270451a43,DMS_MaP
AH,7o7z,23e9cb462630,DMS_MaP
AH,7o7z,75260c798f12,DMS_MaP
AH,7o7z,0d53f7cda670,2A3_MaP
AH,7o7z,f568c4fe2a68,2A3_MaP
AH,7o7z,2a4f1e59a554,2A3_MaP
AH,7o7z,57743f937de0,2A3_MaP
AH,7o7z,de1c0455900d,2A3_MaP
AH,7o7z,bd7e6eb1f190,2A3_MaP
AH,7o7z,0a19c137f416,2A3_MaP
AH,7o7z,8542f70971f3,2A3_MaP
AH,7o7z,5e8873dbcbc8,2A3_MaP
AH,7o7z,6fb19005aab3,2A3_MaP
AH,7o7z,f5a8e33f506e,2A3_MaP
AH,7o7z,c69dabd81a0f,2A3_MaP
AH,7o7z,5a28eb37b425,2A3_MaP
AH,7o7z,e98461981861,2A3_MaP
AH,7o7z,cac13ea556b9,2A3_MaP
AH,7o7z,594de6df47dd,2A3_MaP
AH,7o7z,d474fa2fe7be,2A3_MaP
AH,7o7z,0d53f7cda670,DMS_MaP
AH,7o7z,f568c4fe2a68,DMS_MaP
AH,7o7z,57743f937de0,DMS_MaP
AH,7o7z,de1c0455900d,DMS_MaP
AH,7o7z,bd7e6eb1f190,DMS_MaP
AH,7o7z,0a19c137f416,DMS_MaP
AH,7o7z,8542f70971f3,DMS_MaP
AH,7o7z,5e8873dbcbc8,DMS_MaP
AH,7o7z,6fb19005aab3,DMS_MaP
AH,7o7z,c69dabd81a0f,DMS_MaP
AH,7o7z,5a28eb37b425,DMS_MaP
AH,7o7z,e98461981861,DMS_MaP
AH,7o7z,cac13ea556b9,DMS_MaP
AH,7o7z,594de6df47dd,DMS_MaP
AH,7o7z,e051fd444550,2A3_MaP
AH,7o7z,cdd91024ab1c,2A3_MaP
AH,7o7z,515e3b9fad31,2A3_MaP
AH,7o7z,12b9509f4960,2A3_MaP
AH,7o7z,bd7ecefd9a96,2A3_MaP
AH,7o7z,61f86087d526,2A3_MaP
AH,7o7z,8b1793124895,2A3_MaP
AH,7o7z,e051fd444550,DMS_MaP
AH,7o7z,cdd91024ab1c,DMS_MaP
AH,7o7z,e9616ef0b95a,DMS_MaP
AH,7o7z,12b9509f4960,DMS_MaP
AH,7o7z,61f86087d526,DMS_MaP
AH,7o7z,8b1793124895,DMS_MaP
AH,7o7z,c0bd48d19c3b,2A3_MaP
AH,7o7z,519e5ec20b85,2A3_MaP
AH,7o7z,5b7d7a74dea2,2A3_MaP
AH,7o7z,de89a8d739b0,2A3_MaP
AH,7o7z,52d3ace2a0d4,2A3_MaP
AH,7o7z,e6f55a13f4f9,2A3_MaP
AH,7o7z,bf85818a804f,2A3_MaP
AH,7o7z,7172e5db24ef,2A3_MaP
AH,7o7z,59c2d0ab7bd3,2A3_MaP
AH,7o7z,eab59c254380,2A3_MaP
AH,7o7z,2db54c978086,2A3_MaP
AH,7o7z,c0bd48d19c3b,DMS_MaP
AH,7o7z,519e5ec20b85,DMS_MaP
AH,7o7z,5b7d7a74dea2,DMS_MaP
AH,7o7z,de89a8d739b0,DMS_MaP
AH,7o7z,52d3ace2a0d4,DMS_MaP
AH,7o7z,8deb56601562,DMS_MaP
AH,7o7z,e6f55a13f4f9,DMS_MaP
AH,7o7z,4d61ab852221,DMS_MaP
AH,7o7z,bf85818a804f,DMS_MaP
AH,7o7z,7172e5db24ef,DMS_MaP
AH,7o7z,5d3b269ee560,DMS_MaP
AH,7o7z,59c2d0ab7bd3,DMS_MaP
AH,7o7z,2db54c978086,DMS_MaP
AH,7o7z,57b001fe2e9b,2A3_MaP
AH,7o7z,57b001fe2e9b,DMS_MaP
AH,7o7z,8624e719c2a5,2A3_MaP
AH,7o7z,55c64feb19ef,2A3_MaP
AH,7o7z,480a57bf51a8,2A3_MaP
AH,7o7z,bcd6c4fe29dd,2A3_MaP
AH,7o7z,8624e719c2a5,DMS_MaP
AH,7o7z,55c64feb19ef,DMS_MaP
AH,7o7z,bcd6c4fe29dd,DMS_MaP
AH,7o7z,8593fe2dd8cf,2A3_MaP
AH,7o7z,0cd20d5b78ca,2A3_MaP
AH,7o7z,756b287b0322,2A3_MaP
AH,7o7z,a1f2799a2970,2A3_MaP
AH,7o7z,cedfac810e72,2A3_MaP
AH,7o7z,95e506542418,2A3_MaP
AH,7o7z,ce4567716e12,2A3_MaP
AH,7o7z,6ceb1bf4600d,2A3_MaP
AH,7o7z,a33c8d894606,2A3_MaP
AH,7o7z,db8aaf6319df,2A3_MaP
AH,7o7z,7f90d780b090,2A3_MaP
AH,7o7z,effcc7ec9f6a,2A3_MaP
AH,7o7z,d048978d7944,2A3_MaP
AH,7o7z,91c58eeea467,2A3_MaP
AH,7o7z,f5f1d73d7762,2A3_MaP
AH,7o7z,019bb7082bb9,2A3_MaP
AH,7o7z,a3ecc4c010d9,2A3_MaP
AH,7o7z,644359509a46,2A3_MaP
AH,7o7z,c64a00cba2ba,2A3_MaP
AH,7o7z,fead089a7bb6,2A3_MaP
AH,7o7z,4283204fa140,2A3_MaP
AH,7o7z,1cdc1eb24c84,2A3_MaP
AH,7o7z,9958f6b041eb,2A3_MaP
AH,7o7z,d8e7d7ca6e75,2A3_MaP
AH,7o7z,22d37d48c285,2A3_MaP
AH,7o7z,c75655b834e1,2A3_MaP
AH,7o7z,d1d56a99ca8f,2A3_MaP
AH,7o7z,d35c0698a62e,2A3_MaP
AH,7o7z,bdc0cdbf5c21,2A3_MaP
AH,7o7z,fe3c26c13bdb,2A3_MaP
AH,7o7z,b9036a3f682a,2A3_MaP
AH,7o7z,5027cd22ff87,2A3_MaP
AH,7o7z,b34fe28d0aa9,2A3_MaP
AH,7o7z,7990e6cb5a95,2A3_MaP
AH,7o7z,3ffc899fdb78,2A3_MaP
AH,7o7z,f147d7eb43eb,2A3_MaP
AH,7o7z,b04becce3de0,2A3_MaP
AH,7o7z,6ac34e00ec1d,2A3_MaP
AH,7o7z,d29510b8dd4a,2A3_MaP
AH,7o7z,02a6256c4d13,2A3_MaP
AH,7o7z,f3d337683dcb,2A3_MaP
AH,7o7z,fa46a504a4f4,2A3_MaP
AH,7o7z,acab4ee46e57,2A3_MaP
AH,7o7z,47fd80633761,2A3_MaP
AH,7o7z,90c4d75f8941,2A3_MaP
AH,7o7z,c1acf5e99b26,2A3_MaP
AH,7o7z,6141b3f75bea,2A3_MaP
AH,7o7z,a9ee3ff71222,2A3_MaP
AH,7o7z,3fb43db95fa1,2A3_MaP
AH,7o7z,85bdb75af91a,2A3_MaP
AH,7o7z,b7c3fd5bc741,2A3_MaP
AH,7o7z,8671d14d87d0,2A3_MaP
AH,7o7z,f97d290cc2db,2A3_MaP
AH,7o7z,355efea17272,2A3_MaP
AH,7o7z,9b62ee0c3733,2A3_MaP
AH,7o7z,25dd5bd3336b,2A3_MaP
AH,7o7z,4478eb93457c,2A3_MaP
AH,7o7z,1e7d3d32d513,2A3_MaP
AH,7o7z,c90cbe2eff36,2A3_MaP
AH,7o7z,e36cfa42e5bb,2A3_MaP
AH,7o7z,c32e3f683c4b,2A3_MaP
AH,7o7z,080d676a7c32,2A3_MaP
AH,7o7z,aa60e379f209,2A3_MaP
AH,7o7z,3fde70c196a3,2A3_MaP
AH,7o7z,7dd6e086c148,2A3_MaP
AH,7o7z,b072f11e5a2d,2A3_MaP
AH,7o7z,6396fabccb99,2A3_MaP
AH,7o7z,cd6da855e0eb,2A3_MaP
AH,7o7z,8593fe2dd8cf,DMS_MaP
AH,7o7z,756b287b0322,DMS_MaP
AH,7o7z,a1f2799a2970,DMS_MaP
AH,7o7z,cedfac810e72,DMS_MaP
AH,7o7z,95e506542418,DMS_MaP
AH,7o7z,ce4567716e12,DMS_MaP
AH,7o7z,6ceb1bf4600d,DMS_MaP
AH,7o7z,a33c8d894606,DMS_MaP
AH,7o7z,effcc7ec9f6a,DMS_MaP
AH,7o7z,d048978d7944,DMS_MaP
AH,7o7z,019bb7082bb9,DMS_MaP
AH,7o7z,c64a00cba2ba,DMS_MaP
AH,7o7z,fead089a7bb6,DMS_MaP
AH,7o7z,4283204fa140,DMS_MaP
AH,7o7z,22d37d48c285,DMS_MaP
AH,7o7z,c75655b834e1,DMS_MaP
AH,7o7z,d1d56a99ca8f,DMS_MaP
AH,7o7z,bdc0cdbf5c21,DMS_MaP
AH,7o7z,fe3c26c13bdb,DMS_MaP
AH,7o7z,b9036a3f682a,DMS_MaP
AH,7o7z,5027cd22ff87,DMS_MaP
AH,7o7z,7990e6cb5a95,DMS_MaP
AH,7o7z,02a6256c4d13,DMS_MaP
AH,7o7z,f3d337683dcb,DMS_MaP
AH,7o7z,fa46a504a4f4,DMS_MaP
AH,7o7z,acab4ee46e57,DMS_MaP
AH,7o7z,47fd80633761,DMS_MaP
AH,7o7z,c1acf5e99b26,DMS_MaP
AH,7o7z,6141b3f75bea,DMS_MaP
AH,7o7z,a9ee3ff71222,DMS_MaP
AH,7o7z,3fb43db95fa1,DMS_MaP
AH,7o7z,85bdb75af91a,DMS_MaP
AH,7o7z,b7c3fd5bc741,DMS_MaP
AH,7o7z,8671d14d87d0,DMS_MaP
AH,7o7z,355efea17272,DMS_MaP
AH,7o7z,9b62ee0c3733,DMS_MaP
AH,7o7z,25dd5bd3336b,DMS_MaP
AH,7o7z,4478eb93457c,DMS_MaP
AH,7o7z,1e7d3d32d513,DMS_MaP
AH,7o7z,c90cbe2eff36,DMS_MaP
AH,7o7z,c32e3f683c4b,DMS_MaP
AH,7o7z,080d676a7c32,DMS_MaP
AH,7o7z,aa60e379f209,DMS_MaP
AH,7o7z,b072f11e5a2d,DMS_MaP
AH,7o7z,6396fabccb99,DMS_MaP
AH,7o7z,cd6da855e0eb,DMS_MaP
AH,7o7z,1ed278d832ca,2A3_MaP
AH,7o7z,d966ee35db14,2A3_MaP
AH,7o7z,5f2a358a6570,2A3_MaP
AH,7o7z,a5ffcf7f2df3,2A3_MaP
AH,7o7z,23567fbc019f,2A3_MaP
AH,7o7z,cd7bdf7944ec,2A3_MaP
AH,7o7z,1dc9b3c97ef2,2A3_MaP
AH,7o7z,1ed278d832ca,DMS_MaP
AH,7o7z,d966ee35db14,DMS_MaP
AH,7o7z,5f2a358a6570,DMS_MaP
AH,7o7z,a5ffcf7f2df3,DMS_MaP
AH,7o7z,23567fbc019f,DMS_MaP
AH,7o7z,cd7bdf7944ec,DMS_MaP
AH,7o7z,1dc9b3c97ef2,DMS_MaP
G,2xd0,3f2a90e414fb,2A3_MaP
G,2xd0,f168f1be605a,2A3_MaP
G,2xd0,1ef84d09258b,2A3_MaP
G,2xd0,008e24694ce6,2A3_MaP
G,2xd0,258280ba8ff3,2A3_MaP
G,2xd0,100c4078525d,2A3_MaP
G,2xd0,0d1967238f3a,2A3_MaP
G,2xd0,f228beda990e,2A3_MaP
G,2xd0,0e4ec31176d5,2A3_MaP
G,2xd0,dfdecae7e81a,2A3_MaP
G,2xd0,8380d5550951,2A3_MaP
G,2xd0,ebb2cd1542e7,2A3_MaP
G,2xd0,c37abb43b1f2,2A3_MaP
G,2xd0,1e1267399f99,2A3_MaP
G,2xd0,4bd954e31cf8,2A3_MaP
G,2xd0,d4857132b70c,2A3_MaP
G,2xd0,a7a50e3404d0,2A3_MaP
G,2xd0,c8c1e8816193,2A3_MaP
G,2xd0,0f41c55eb4be,2A3_MaP
G,2xd0,8f731e125e5f,2A3_MaP
G,2xd0,7c58e664c99d,2A3_MaP
G,2xd0,dadabc581143,2A3_MaP
G,2xd0,6e6a875f4ccc,2A3_MaP
G,2xd0,d02d2faac149,2A3_MaP
G,2xd0,c234d5435b0d,2A3_MaP
G,2xd0,605cf211b268,2A3_MaP
G,2xd0,7f6976a0a5a3,2A3_MaP
G,2xd0,c84c8c02d9d3,2A3_MaP
G,2xd0,a2e42442ebf7,2A3_MaP
G,2xd0,61ce70c6752e,2A3_MaP
G,2xd0,0b226237f924,2A3_MaP
G,2xd0,12e2d704d372,2A3_MaP
G,2xd0,f1b4bc8532a2,2A3_MaP
G,2xd0,d98e0800a751,2A3_MaP
G,2xd0,44df3d055f29,2A3_MaP
G,2xd0,768104f1c381,2A3_MaP
G,2xd0,234492bbfd34,2A3_MaP
G,2xd0,a264fe5e8cd4,2A3_MaP
G,2xd0,91ac1b5376f1,2A3_MaP
G,2xd0,341375764887,2A3_MaP
G,2xd0,a552b1350571,2A3_MaP
G,2xd0,3d850e96534a,2A3_MaP
G,2xd0,e75f26d99fcf,2A3_MaP
G,2xd0,a76c0bb0b495,2A3_MaP
G,2xd0,94b53b22ec6d,2A3_MaP
G,2xd0,7a951ca649f3,2A3_MaP
G,2xd0,05c282ebb76e,2A3_MaP
G,2xd0,790231478007,2A3_MaP
G,2xd0,1c4ae8818882,2A3_MaP
G,2xd0,6bace2407d47,2A3_MaP
G,2xd0,8dfb37bd53f3,2A3_MaP
G,2xd0,3e126d2dc990,2A3_MaP
G,2xd0,1728ae35c5fb,2A3_MaP
G,2xd0,4edb56ac96f6,2A3_MaP
G,2xd0,f168f1be605a,DMS_MaP
G,2xd0,258280ba8ff3,DMS_MaP
G,2xd0,100c4078525d,DMS_MaP
G,2xd0,0d1967238f3a,DMS_MaP
G,2xd0,f228beda990e,DMS_MaP
G,2xd0,0e4ec31176d5,DMS_MaP
G,2xd0,8380d5550951,DMS_MaP
G,2xd0,c37abb43b1f2,DMS_MaP
G,2xd0,1e1267399f99,DMS_MaP
G,2xd0,4bd954e31cf8,DMS_MaP
G,2xd0,d4857132b70c,DMS_MaP
G,2xd0,6a2570ba24fb,DMS_MaP
G,2xd0,a7a50e3404d0,DMS_MaP
G,2xd0,118ed8ae5361,DMS_MaP
G,2xd0,c8c1e8816193,DMS_MaP
G,2xd0,0f41c55eb4be,DMS_MaP
G,2xd0,8f731e125e5f,DMS_MaP
G,2xd0,11cb1a2024fb,DMS_MaP
G,2xd0,7c58e664c99d,DMS_MaP
G,2xd0,dadabc581143,DMS_MaP
G,2xd0,70a62b4fb7d3,DMS_MaP
G,2xd0,6e6a875f4ccc,DMS_MaP
G,2xd0,d02d2faac149,DMS_MaP
G,2xd0,24db880562bd,DMS_MaP
G,2xd0,605cf211b268,DMS_MaP
G,2xd0,7f6976a0a5a3,DMS_MaP
G,2xd0,a2e42442ebf7,DMS_MaP
G,2xd0,4c52252b068b,DMS_MaP
G,2xd0,8948c7e2faf8,DMS_MaP
G,2xd0,0b226237f924,DMS_MaP
G,2xd0,12e2d704d372,DMS_MaP
G,2xd0,f1b4bc8532a2,DMS_MaP
G,2xd0,d98e0800a751,DMS_MaP
G,2xd0,44df3d055f29,DMS_MaP
G,2xd0,768104f1c381,DMS_MaP
G,2xd0,c730aad6d139,DMS_MaP
G,2xd0,234492bbfd34,DMS_MaP
G,2xd0,a264fe5e8cd4,DMS_MaP
G,2xd0,341375764887,DMS_MaP
G,2xd0,a552b1350571,DMS_MaP
G,2xd0,3d850e96534a,DMS_MaP
G,2xd0,e75f26d99fcf,DMS_MaP
G,2xd0,a76c0bb0b495,DMS_MaP
G,2xd0,94b53b22ec6d,DMS_MaP
G,2xd0,7a951ca649f3,DMS_MaP
G,2xd0,05c282ebb76e,DMS_MaP
G,2xd0,790231478007,DMS_MaP
G,2xd0,1c4ae8818882,DMS_MaP
G,2xd0,6bace2407d47,DMS_MaP
G,2xd0,8dfb37bd53f3,DMS_MaP
G,2xd0,3e126d2dc990,DMS_MaP
G,2xd0,1728ae35c5fb,DMS_MaP
G,2xd0,4edb56ac96f6,DMS_MaP
G,2xd0,e43beaadb932,2A3_MaP
G,2xd0,804fdadcbf87,2A3_MaP
G,2xd0,da4f907dadf2,2A3_MaP
G,2xd0,da4f907dadf2,DMS_MaP
G,2xd0,db4d24c377e0,2A3_MaP
G,2xd0,e600618e54fc,2A3_MaP
G,2xd0,efd3afaf8770,2A3_MaP
G,2xd0,61271b0ff37c,2A3_MaP
G,2xd0,db4d24c377e0,DMS_MaP
G,2xd0,e600618e54fc,DMS_MaP
G,2xd0,efd3afaf8770,DMS_MaP
G,2xd0,61271b0ff37c,DMS_MaP
C,1mji,93f123ec6ab7,2A3_MaP
C,1mji,2065ad831619,2A3_MaP
C,1mji,4c2858b764f6,2A3_MaP
C,1mji,aee4739377c1,2A3_MaP
C,1mji,2d049d3530a6,2A3_MaP
C,1mji,901ffc55a456,2A3_MaP
C,1mji,83855aed923a,2A3_MaP
C,1mji,dcdc9c33718c,2A3_MaP
C,1mji,55ec09ae671a,2A3_MaP
C,1mji,427c1cc84ee9,2A3_MaP
C,1mji,9a24c50db49a,2A3_MaP
C,1mji,cc817453d5c0,2A3_MaP
C,1mji,864377207484,2A3_MaP
C,1mji,f4878a264986,2A3_MaP
C,1mji,fe257c6095ff,2A3_MaP
C,1mji,c986c05abdb7,2A3_MaP
C,1mji,23128ec17a1e,2A3_MaP
C,1mji,d01da5133520,2A3_MaP
C,1mji,6d372f709b30,2A3_MaP
C,1mji,6e8ea999169d,2A3_MaP
C,1mji,890edf7f3413,2A3_MaP
C,1mji,830b93844256,2A3_MaP
C,1mji,c974b0964b0b,2A3_MaP
C,1mji,c466c5628a87,2A3_MaP
C,1mji,84b5d4275ce5,2A3_MaP
C,1mji,e862b6cb4f64,2A3_MaP
C,1mji,c41a303fac3d,2A3_MaP
C,1mji,93f123ec6ab7,DMS_MaP
C,1mji,2065ad831619,DMS_MaP
C,1mji,4c2858b764f6,DMS_MaP
C,1mji,aee4739377c1,DMS_MaP
C,1mji,2d049d3530a6,DMS_MaP
C,1mji,901ffc55a456,DMS_MaP
C,1mji,83855aed923a,DMS_MaP
C,1mji,dcdc9c33718c,DMS_MaP
C,1mji,55ec09ae671a,DMS_MaP
C,1mji,427c1cc84ee9,DMS_MaP
C,1mji,9a24c50db49a,DMS_MaP
C,1mji,cc817453d5c0,DMS_MaP
C,1mji,864377207484,DMS_MaP
C,1mji,f4878a264986,DMS_MaP
C,1mji,fe257c6095ff,DMS_MaP
C,1mji,c986c05abdb7,DMS_MaP
C,1mji,23128ec17a1e,DMS_MaP
C,1mji,d01da5133520,DMS_MaP
C,1mji,6d372f709b30,DMS_MaP
C,1mji,6e8ea999169d,DMS_MaP
C,1mji,890edf7f3413,DMS_MaP
C,1mji,830b93844256,DMS_MaP
C,1mji,c974b0964b0b,DMS_MaP
C,1mji,c466c5628a87,DMS_MaP
C,1mji,84b5d4275ce5,DMS_MaP
C,1mji,e862b6cb4f64,DMS_MaP
C,1mji,c41a303fac3d,DMS_MaP
C,1mji,53f1b3f8736c,2A3_MaP
C,1mji,2655c427e932,2A3_MaP
C,1mji,d8565284f156,2A3_MaP
C,1mji,94bc0e2f6348,2A3_MaP
C,1mji,a005751a1f79,2A3_MaP
C,1mji,bf893c8eb034,2A3_MaP
C,1mji,f2d4663ea58e,2A3_MaP
C,1mji,cc20c8a039c6,2A3_MaP
C,1mji,a610266b8aff,2A3_MaP
C,1mji,7b0682e4dacd,2A3_MaP
C,1mji,ac1ec7eb1084,2A3_MaP
C,1mji,81607ee360b3,2A3_MaP
C,1mji,2aa2a1c76efa,2A3_MaP
C,1mji,addeac310a42,2A3_MaP
C,1mji,265808f34479,2A3_MaP
C,1mji,c70f3925ce7f,2A3_MaP
C,1mji,97c53c38b67e,2A3_MaP
C,1mji,7db9cf3f110c,2A3_MaP
C,1mji,fd6487f26adb,2A3_MaP
C,1mji,9134ba1a9a3e,2A3_MaP
C,1mji,8edbdc572dd2,2A3_MaP
C,1mji,b9a66ad6d451,2A3_MaP
C,1mji,20af8b845b06,2A3_MaP
C,1mji,a934fe42ebc3,2A3_MaP
C,1mji,1bb6183e825f,2A3_MaP
C,1mji,612d37ac805e,2A3_MaP
C,1mji,fe163ebe90d9,2A3_MaP
C,1mji,7502d4e2d766,2A3_MaP
C,1mji,a8b755a12f2a,2A3_MaP
C,1mji,be6742aeefe1,2A3_MaP
C,1mji,690018088a56,2A3_MaP
C,1mji,1c2fe91af441,2A3_MaP
C,1mji,53f1b3f8736c,DMS_MaP
C,1mji,2655c427e932,DMS_MaP
C,1mji,d8565284f156,DMS_MaP
C,1mji,94bc0e2f6348,DMS_MaP
C,1mji,a005751a1f79,DMS_MaP
C,1mji,bf893c8eb034,DMS_MaP
C,1mji,f2d4663ea58e,DMS_MaP
C,1mji,cc20c8a039c6,DMS_MaP
C,1mji,a610266b8aff,DMS_MaP
C,1mji,7b0682e4dacd,DMS_MaP
C,1mji,ac1ec7eb1084,DMS_MaP
C,1mji,81607ee360b3,DMS_MaP
C,1mji,2aa2a1c76efa,DMS_MaP
C,1mji,addeac310a42,DMS_MaP
C,1mji,265808f34479,DMS_MaP
C,1mji,c70f3925ce7f,DMS_MaP
C,1mji,97c53c38b67e,DMS_MaP
C,1mji,7db9cf3f110c,DMS_MaP
C,1mji,fd6487f26adb,DMS_MaP
C,1mji,9134ba1a9a3e,DMS_MaP
C,1mji,8edbdc572dd2,DMS_MaP
C,1mji,b9a66ad6d451,DMS_MaP
C,1mji,20af8b845b06,DMS_MaP
C,1mji,a934fe42ebc3,DMS_MaP
C,1mji,1bb6183e825f,DMS_MaP
C,1mji,612d37ac805e,DMS_MaP
C,1mji,fe163ebe90d9,DMS_MaP
C,1mji,7502d4e2d766,DMS_MaP
C,1mji,a8b755a12f2a,DMS_MaP
C,1mji,be6742aeefe1,DMS_MaP
C,1mji,690018088a56,DMS_MaP
C,1mji,1c2fe91af441,DMS_MaP
A,4lvw,0ede41924078,2A3_MaP
A,4lvw,6047bd20a19c,2A3_MaP
A,4lvw,75594f4ca748,2A3_MaP
A,4lvw,28f7ef6167ab,2A3_MaP
A,4lvw,9e3092ecebd9,2A3_MaP
A,4lvw,9479fac4e433,2A3_MaP
A,4lvw,fc29390ad79f,2A3_MaP
A,4lvw,5ee85f2c8f5f,2A3_MaP
A,4lvw,da6c2c6c549a,2A3_MaP
A,4lvw,3862d886e537,2A3_MaP
A,4lvw,d51d7954d4ed,2A3_MaP
A,4lvw,c1d6e08f33a8,2A3_MaP
A,4lvw,d6f285208272,2A3_MaP
A,4lvw,f829d5df1182,2A3_MaP
A,4lvw,ae42ebe9a672,2A3_MaP
A,4lvw,8d6d170aaf07,2A3_MaP
A,4lvw,48f2948ce0a9,2A3_MaP
A,4lvw,dbbaa574f437,2A3_MaP
A,4lvw,b4a48d46f899,2A3_MaP
A,4lvw,ce14a49653da,2A3_MaP
A,4lvw,d0a2616b015a,2A3_MaP
A,4lvw,7758b9d73c30,2A3_MaP
A,4lvw,3237a1571636,2A3_MaP
A,4lvw,1a6581ed36a9,2A3_MaP
A,4lvw,9a1a736a023b,2A3_MaP
A,4lvw,a6ea247e6273,2A3_MaP
A,4lvw,70af176db92e,2A3_MaP
A,4lvw,847b6fdd61b7,2A3_MaP
A,4lvw,a68643791aec,2A3_MaP
A,4lvw,491db77aa391,2A3_MaP
A,4lvw,ff198f742df0,2A3_MaP
A,4lvw,df88bce4cd6b,2A3_MaP
A,4lvw,68d93c09ed54,2A3_MaP
A,4lvw,19026d2c312e,2A3_MaP
A,4lvw,bef521daa202,2A3_MaP
A,4lvw,4f0aea45447a,2A3_MaP
A,4lvw,6bc7e1adccec,2A3_MaP
A,4lvw,9e61e2e226ca,2A3_MaP
A,4lvw,e282090ea1a7,2A3_MaP
A,4lvw,f309379723a7,2A3_MaP
A,4lvw,0120d45097a6,2A3_MaP
A,4lvw,5e23c568135a,2A3_MaP
A,4lvw,3c2d6e070a94,2A3_MaP
A,4lvw,98d98c2f54be,2A3_MaP
A,4lvw,d0202b257d33,2A3_MaP
A,4lvw,6b20dfacf674,2A3_MaP
A,4lvw,170422cd529e,2A3_MaP
A,4lvw,19c5cbb9ffc3,2A3_MaP
A,4lvw,da18187b4330,2A3_MaP
A,4lvw,acba7bdcb03d,2A3_MaP
A,4lvw,0ede41924078,DMS_MaP
A,4lvw,6047bd20a19c,DMS_MaP
A,4lvw,75594f4ca748,DMS_MaP
A,4lvw,28f7ef6167ab,DMS_MaP
A,4lvw,9e3092ecebd9,DMS_MaP
A,4lvw,9479fac4e433,DMS_MaP
A,4lvw,fc29390ad79f,DMS_MaP
A,4lvw,da6c2c6c549a,DMS_MaP
A,4lvw,3862d886e537,DMS_MaP
A,4lvw,d6f285208272,DMS_MaP
A,4lvw,f829d5df1182,DMS_MaP
A,4lvw,ae42ebe9a672,DMS_MaP
A,4lvw,8d6d170aaf07,DMS_MaP
A,4lvw,dbbaa574f437,DMS_MaP
A,4lvw,b4a48d46f899,DMS_MaP
A,4lvw,d0a2616b015a,DMS_MaP
A,4lvw,7758b9d73c30,DMS_MaP
A,4lvw,3237a1571636,DMS_MaP
A,4lvw,9a1a736a023b,DMS_MaP
A,4lvw,70af176db92e,DMS_MaP
A,4lvw,847b6fdd61b7,DMS_MaP
A,4lvw,a68643791aec,DMS_MaP
A,4lvw,491db77aa391,DMS_MaP
A,4lvw,df88bce4cd6b,DMS_MaP
A,4lvw,68d93c09ed54,DMS_MaP
A,4lvw,4f0aea45447a,DMS_MaP
A,4lvw,6bc7e1adccec,DMS_MaP
A,4lvw,994454e5fd9e,DMS_MaP
A,4lvw,0aefa348cffc,DMS_MaP
A,4lvw,294db8b04da8,DMS_MaP
A,4lvw,9e61e2e226ca,DMS_MaP
A,4lvw,e282090ea1a7,DMS_MaP
A,4lvw,f309379723a7,DMS_MaP
A,4lvw,8f3f0c2e7897,DMS_MaP
A,4lvw,0120d45097a6,DMS_MaP
A,4lvw,5e23c568135a,DMS_MaP
A,4lvw,7187faa55323,DMS_MaP
A,4lvw,98d98c2f54be,DMS_MaP
A,4lvw,d0202b257d33,DMS_MaP
A,4lvw,6b20dfacf674,DMS_MaP
A,4lvw,170422cd529e,DMS_MaP
A,4lvw,19c5cbb9ffc3,DMS_MaP
A,4lvw,da18187b4330,DMS_MaP
A,4lvw,acba7bdcb03d,DMS_MaP
A,4lvw,cd347a9fbdfb,DMS_MaP
A,4lvw,9fd3d92cfe36,2A3_MaP
A,4lvw,7fdfff846d61,2A3_MaP
A,4lvw,33a23a739cdf,2A3_MaP
A,4lvw,9fd3d92cfe36,DMS_MaP
A,4lvw,7fdfff846d61,DMS_MaP
A,4lvw,33a23a739cdf,DMS_MaP
B,4pr6,9c53431933e7,2A3_MaP
B,4pr6,665897739f84,2A3_MaP
B,4pr6,65391bf77aff,2A3_MaP
B,4pr6,8de042b36ef3,2A3_MaP
B,4pr6,4e49cf4f474d,2A3_MaP
B,4pr6,5f18513cf3fc,2A3_MaP
B,4pr6,5b00f1f7017f,2A3_MaP
B,4pr6,4c1b1821f072,2A3_MaP
B,4pr6,df22903ff8e5,2A3_MaP
B,4pr6,57f072d90cb9,2A3_MaP
B,4pr6,46d556b12a92,2A3_MaP
B,4pr6,d0895e905f32,2A3_MaP
B,4pr6,07a6a502f78d,2A3_MaP
B,4pr6,e94ef1159224,2A3_MaP
B,4pr6,94cf96a8c463,2A3_MaP
B,4pr6,7a09ec634891,2A3_MaP
B,4pr6,f4ed28d50fd7,2A3_MaP
B,4pr6,b1c2115a9c36,2A3_MaP
B,4pr6,a4e35b671d01,2A3_MaP
B,4pr6,9c53431933e7,DMS_MaP
B,4pr6,665897739f84,DMS_MaP
B,4pr6,65391bf77aff,DMS_MaP
B,4pr6,8de042b36ef3,DMS_MaP
B,4pr6,4e49cf4f474d,DMS_MaP
B,4pr6,cd616c3c16d2,DMS_MaP
B,4pr6,5f18513cf3fc,DMS_MaP
B,4pr6,5b00f1f7017f,DMS_MaP
B,4pr6,8fe3eb933dcd,DMS_MaP
B,4pr6,4c1b1821f072,DMS_MaP
B,4pr6,df22903ff8e5,DMS_MaP
B,4pr6,57f072d90cb9,DMS_MaP
B,4pr6,46d556b12a92,DMS_MaP
B,4pr6,d0895e905f32,DMS_MaP
B,4pr6,07a6a502f78d,DMS_MaP
B,4pr6,9ae9b17cb3cc,DMS_MaP
B,4pr6,e94ef1159224,DMS_MaP
B,4pr6,94cf96a8c463,DMS_MaP
B,4pr6,7a09ec634891,DMS_MaP
B,4pr6,39a001d5222d,DMS_MaP
B,4pr6,f4ed28d50fd7,DMS_MaP
B,4pr6,b1c2115a9c36,DMS_MaP
B,4pr6,a4e35b671d01,DMS_MaP
B,4pr6,2bd8f2fde8b6,2A3_MaP
B,4pr6,c7f09238367f,2A3_MaP
B,4pr6,be10fe656813,2A3_MaP
B,4pr6,858769429db2,2A3_MaP
B,4pr6,efb9c5bc473f,2A3_MaP
B,4pr6,8aa1b77ea7da,2A3_MaP
B,4pr6,928b72b25db9,2A3_MaP
B,4pr6,7a9c5b97e959,2A3_MaP
B,4pr6,e6161539ffcb,2A3_MaP
B,4pr6,2bd8f2fde8b6,DMS_MaP
B,4pr6,c7f09238367f,DMS_MaP
B,4pr6,be10fe656813,DMS_MaP
B,4pr6,858769429db2,DMS_MaP
B,4pr6,efb9c5bc473f,DMS_MaP
B,4pr6,8aa1b77ea7da,DMS_MaP
B,4pr6,928b72b25db9,DMS_MaP
B,4pr6,7a9c5b97e959,DMS_MaP
B,4pr6,e6161539ffcb,DMS_MaP
B,4prf,9c53431933e7,2A3_MaP
B,4prf,665897739f84,2A3_MaP
B,4prf,65391bf77aff,2A3_MaP
B,4prf,8de042b36ef3,2A3_MaP
B,4prf,4e49cf4f474d,2A3_MaP
B,4prf,5f18513cf3fc,2A3_MaP
B,4prf,5b00f1f7017f,2A3_MaP
B,4prf,4c1b1821f072,2A3_MaP
B,4prf,df22903ff8e5,2A3_MaP
B,4prf,57f072d90cb9,2A3_MaP
B,4prf,46d556b12a92,2A3_MaP
B,4prf,d0895e905f32,2A3_MaP
B,4prf,07a6a502f78d,2A3_MaP
B,4prf,e94ef1159224,2A3_MaP
B,4prf,94cf96a8c463,2A3_MaP
B,4prf,7a09ec634891,2A3_MaP
B,4prf,f4ed28d50fd7,2A3_MaP
B,4prf,b1c2115a9c36,2A3_MaP
B,4prf,a4e35b671d01,2A3_MaP
B,4prf,9c53431933e7,DMS_MaP
B,4prf,665897739f84,DMS_MaP
B,4prf,65391bf77aff,DMS_MaP
B,4prf,8de042b36ef3,DMS_MaP
B,4prf,4e49cf4f474d,DMS_MaP
B,4prf,cd616c3c16d2,DMS_MaP
B,4prf,5f18513cf3fc,DMS_MaP
B,4prf,5b00f1f7017f,DMS_MaP
B,4prf,8fe3eb933dcd,DMS_MaP
B,4prf,4c1b1821f072,DMS_MaP
B,4prf,df22903ff8e5,DMS_MaP
B,4prf,57f072d90cb9,DMS_MaP
B,4prf,46d556b12a92,DMS_MaP
B,4prf,d0895e905f32,DMS_MaP
B,4prf,07a6a502f78d,DMS_MaP
B,4prf,9ae9b17cb3cc,DMS_MaP
B,4prf,e94ef1159224,DMS_MaP
B,4prf,94cf96a8c463,DMS_MaP
B,4prf,7a09ec634891,DMS_MaP
B,4prf,39a001d5222d,DMS_MaP
B,4prf,f4ed28d50fd7,DMS_MaP
B,4prf,b1c2115a9c36,DMS_MaP
B,4prf,a4e35b671d01,DMS_MaP
B,4prf,2bd8f2fde8b6,2A3_MaP
B,4prf,c7f09238367f,2A3_MaP
B,4prf,be10fe656813,2A3_MaP
B,4prf,858769429db2,2A3_MaP
B,4prf,efb9c5bc473f,2A3_MaP
B,4prf,8aa1b77ea7da,2A3_MaP
B,4prf,928b72b25db9,2A3_MaP
B,4prf,7a9c5b97e959,2A3_MaP
B,4prf,e6161539ffcb,2A3_MaP
B,4prf,2bd8f2fde8b6,DMS_MaP
B,4prf,c7f09238367f,DMS_MaP
B,4prf,be10fe656813,DMS_MaP
B,4prf,858769429db2,DMS_MaP
B,4prf,efb9c5bc473f,DMS_MaP
B,4prf,8aa1b77ea7da,DMS_MaP
B,4prf,928b72b25db9,DMS_MaP
B,4prf,7a9c5b97e959,DMS_MaP
B,4prf,e6161539ffcb,DMS_MaP
a,3jbu,e7d4a109bf6e,2A3_MaP
a,3jbu,889a28941fba,2A3_MaP
a,3jbu,e7d4a109bf6e,DMS_MaP
a,3jbu,889a28941fba,DMS_MaP
a,3jbu,53f1b3f8736c,2A3_MaP
a,3jbu,d8565284f156,2A3_MaP
a,3jbu,a005751a1f79,2A3_MaP
a,3jbu,bf893c8eb034,2A3_MaP
a,3jbu,f2d4663ea58e,2A3_MaP
a,3jbu,cc20c8a039c6,2A3_MaP
a,3jbu,7b0682e4dacd,2A3_MaP
a,3jbu,ac1ec7eb1084,2A3_MaP
a,3jbu,81607ee360b3,2A3_MaP
a,3jbu,2aa2a1c76efa,2A3_MaP
a,3jbu,addeac310a42,2A3_MaP
a,3jbu,265808f34479,2A3_MaP
a,3jbu,c70f3925ce7f,2A3_MaP
a,3jbu,97c53c38b67e,2A3_MaP
a,3jbu,7db9cf3f110c,2A3_MaP
a,3jbu,fd6487f26adb,2A3_MaP
a,3jbu,9134ba1a9a3e,2A3_MaP
a,3jbu,b9a66ad6d451,2A3_MaP
a,3jbu,20af8b845b06,2A3_MaP
a,3jbu,a934fe42ebc3,2A3_MaP
a,3jbu,1bb6183e825f,2A3_MaP
a,3jbu,612d37ac805e,2A3_MaP
a,3jbu,fe163ebe90d9,2A3_MaP
a,3jbu,a8b755a12f2a,2A3_MaP
a,3jbu,be6742aeefe1,2A3_MaP
a,3jbu,690018088a56,2A3_MaP
a,3jbu,1c2fe91af441,2A3_MaP
a,3jbu,53f1b3f8736c,DMS_MaP
a,3jbu,d8565284f156,DMS_MaP
a,3jbu,a005751a1f79,DMS_MaP
a,3jbu,bf893c8eb034,DMS_MaP
a,3jbu,f2d4663ea58e,DMS_MaP
a,3jbu,cc20c8a039c6,DMS_MaP
a,3jbu,7b0682e4dacd,DMS_MaP
a,3jbu,ac1ec7eb1084,DMS_MaP
a,3jbu,81607ee360b3,DMS_MaP
a,3jbu,2aa2a1c76efa,DMS_MaP
a,3jbu,addeac310a42,DMS_MaP
a,3jbu,265808f34479,DMS_MaP
a,3jbu,c70f3925ce7f,DMS_MaP
a,3jbu,97c53c38b67e,DMS_MaP
a,3jbu,7db9cf3f110c,DMS_MaP
a,3jbu,fd6487f26adb,DMS_MaP
a,3jbu,9134ba1a9a3e,DMS_MaP
a,3jbu,b9a66ad6d451,DMS_MaP
a,3jbu,20af8b845b06,DMS_MaP
a,3jbu,a934fe42ebc3,DMS_MaP
a,3jbu,1bb6183e825f,DMS_MaP
a,3jbu,612d37ac805e,DMS_MaP
a,3jbu,fe163ebe90d9,DMS_MaP
a,3jbu,a8b755a12f2a,DMS_MaP
a,3jbu,be6742aeefe1,DMS_MaP
a,3jbu,690018088a56,DMS_MaP
a,3jbu,1c2fe91af441,DMS_MaP
a,3jbv,e7d4a109bf6e,2A3_MaP
a,3jbv,889a28941fba,2A3_MaP
a,3jbv,e7d4a109bf6e,DMS_MaP
a,3jbv,889a28941fba,DMS_MaP
a,3jbv,53f1b3f8736c,2A3_MaP
a,3jbv,d8565284f156,2A3_MaP
a,3jbv,a005751a1f79,2A3_MaP
a,3jbv,bf893c8eb034,2A3_MaP
a,3jbv,f2d4663ea58e,2A3_MaP
a,3jbv,cc20c8a039c6,2A3_MaP
a,3jbv,7b0682e4dacd,2A3_MaP
a,3jbv,ac1ec7eb1084,2A3_MaP
a,3jbv,81607ee360b3,2A3_MaP
a,3jbv,2aa2a1c76efa,2A3_MaP
a,3jbv,addeac310a42,2A3_MaP
a,3jbv,265808f34479,2A3_MaP
a,3jbv,c70f3925ce7f,2A3_MaP
a,3jbv,97c53c38b67e,2A3_MaP
a,3jbv,7db9cf3f110c,2A3_MaP
a,3jbv,fd6487f26adb,2A3_MaP
a,3jbv,9134ba1a9a3e,2A3_MaP
a,3jbv,b9a66ad6d451,2A3_MaP
a,3jbv,20af8b845b06,2A3_MaP
a,3jbv,a934fe42ebc3,2A3_MaP
a,3jbv,1bb6183e825f,2A3_MaP
a,3jbv,612d37ac805e,2A3_MaP
a,3jbv,fe163ebe90d9,2A3_MaP
a,3jbv,a8b755a12f2a,2A3_MaP
a,3jbv,be6742aeefe1,2A3_MaP
a,3jbv,690018088a56,2A3_MaP
a,3jbv,1c2fe91af441,2A3_MaP
a,3jbv,53f1b3f8736c,DMS_MaP
a,3jbv,d8565284f156,DMS_MaP
a,3jbv,a005751a1f79,DMS_MaP
a,3jbv,bf893c8eb034,DMS_MaP
a,3jbv,f2d4663ea58e,DMS_MaP
a,3jbv,cc20c8a039c6,DMS_MaP
a,3jbv,7b0682e4dacd,DMS_MaP
a,3jbv,ac1ec7eb1084,DMS_MaP
a,3jbv,81607ee360b3,DMS_MaP
a,3jbv,2aa2a1c76efa,DMS_MaP
a,3jbv,addeac310a42,DMS_MaP
a,3jbv,265808f34479,DMS_MaP
a,3jbv,c70f3925ce7f,DMS_MaP
a,3jbv,97c53c38b67e,DMS_MaP
a,3jbv,7db9cf3f110c,DMS_MaP
a,3jbv,fd6487f26adb,DMS_MaP
a,3jbv,9134ba1a9a3e,DMS_MaP
a,3jbv,b9a66ad6d451,DMS_MaP
a,3jbv,20af8b845b06,DMS_MaP
a,3jbv,a934fe42ebc3,DMS_MaP
a,3jbv,1bb6183e825f,DMS_MaP
a,3jbv,612d37ac805e,DMS_MaP
a,3jbv,fe163ebe90d9,DMS_MaP
a,3jbv,a8b755a12f2a,DMS_MaP
a,3jbv,be6742aeefe1,DMS_MaP
a,3jbv,690018088a56,DMS_MaP
a,3jbv,1c2fe91af441,DMS_MaP
DB,4v6d,e7d4a109bf6e,2A3_MaP
DB,4v6d,889a28941fba,2A3_MaP
DB,4v6d,e7d4a109bf6e,DMS_MaP
DB,4v6d,889a28941fba,DMS_MaP
DB,4v6d,53f1b3f8736c,2A3_MaP
DB,4v6d,d8565284f156,2A3_MaP
DB,4v6d,a005751a1f79,2A3_MaP
DB,4v6d,bf893c8eb034,2A3_MaP
DB,4v6d,f2d4663ea58e,2A3_MaP
DB,4v6d,cc20c8a039c6,2A3_MaP
DB,4v6d,7b0682e4dacd,2A3_MaP
DB,4v6d,ac1ec7eb1084,2A3_MaP
DB,4v6d,81607ee360b3,2A3_MaP
DB,4v6d,2aa2a1c76efa,2A3_MaP
DB,4v6d,addeac310a42,2A3_MaP
DB,4v6d,265808f34479,2A3_MaP
DB,4v6d,c70f3925ce7f,2A3_MaP
DB,4v6d,97c53c38b67e,2A3_MaP
DB,4v6d,7db9cf3f110c,2A3_MaP
DB,4v6d,fd6487f26adb,2A3_MaP
DB,4v6d,9134ba1a9a3e,2A3_MaP
DB,4v6d,b9a66ad6d451,2A3_MaP
DB,4v6d,20af8b845b06,2A3_MaP
DB,4v6d,a934fe42ebc3,2A3_MaP
DB,4v6d,1bb6183e825f,2A3_MaP
DB,4v6d,612d37ac805e,2A3_MaP
DB,4v6d,fe163ebe90d9,2A3_MaP
DB,4v6d,a8b755a12f2a,2A3_MaP
DB,4v6d,be6742aeefe1,2A3_MaP
DB,4v6d,690018088a56,2A3_MaP
DB,4v6d,1c2fe91af441,2A3_MaP
DB,4v6d,53f1b3f8736c,DMS_MaP
DB,4v6d,d8565284f156,DMS_MaP
DB,4v6d,a005751a1f79,DMS_MaP
DB,4v6d,bf893c8eb034,DMS_MaP
DB,4v6d,f2d4663ea58e,DMS_MaP
DB,4v6d,cc20c8a039c6,DMS_MaP
DB,4v6d,7b0682e4dacd,DMS_MaP
DB,4v6d,ac1ec7eb1084,DMS_MaP
DB,4v6d,81607ee360b3,DMS_MaP
DB,4v6d,2aa2a1c76efa,DMS_MaP
DB,4v6d,addeac310a42,DMS_MaP
DB,4v6d,265808f34479,DMS_MaP
DB,4v6d,c70f3925ce7f,DMS_MaP
DB,4v6d,97c53c38b67e,DMS_MaP
DB,4v6d,7db9cf3f110c,DMS_MaP
DB,4v6d,fd6487f26adb,DMS_MaP
DB,4v6d,9134ba1a9a3e,DMS_MaP
DB,4v6d,b9a66ad6d451,DMS_MaP
DB,4v6d,20af8b845b06,DMS_MaP
DB,4v6d,a934fe42ebc3,DMS_MaP
DB,4v6d,1bb6183e825f,DMS_MaP
DB,4v6d,612d37ac805e,DMS_MaP
DB,4v6d,fe163ebe90d9,DMS_MaP
DB,4v6d,a8b755a12f2a,DMS_MaP
DB,4v6d,be6742aeefe1,DMS_MaP
DB,4v6d,690018088a56,DMS_MaP
DB,4v6d,1c2fe91af441,DMS_MaP
b,7p3k,e7d4a109bf6e,2A3_MaP
b,7p3k,889a28941fba,2A3_MaP
b,7p3k,e7d4a109bf6e,DMS_MaP
b,7p3k,889a28941fba,DMS_MaP
b,7p3k,53f1b3f8736c,2A3_MaP
b,7p3k,d8565284f156,2A3_MaP
b,7p3k,a005751a1f79,2A3_MaP
b,7p3k,bf893c8eb034,2A3_MaP
b,7p3k,f2d4663ea58e,2A3_MaP
b,7p3k,cc20c8a039c6,2A3_MaP
b,7p3k,7b0682e4dacd,2A3_MaP
b,7p3k,81607ee360b3,2A3_MaP
b,7p3k,2aa2a1c76efa,2A3_MaP
b,7p3k,addeac310a42,2A3_MaP
b,7p3k,265808f34479,2A3_MaP
b,7p3k,c70f3925ce7f,2A3_MaP
b,7p3k,97c53c38b67e,2A3_MaP
b,7p3k,7db9cf3f110c,2A3_MaP
b,7p3k,fd6487f26adb,2A3_MaP
b,7p3k,b9a66ad6d451,2A3_MaP
b,7p3k,20af8b845b06,2A3_MaP
b,7p3k,a934fe42ebc3,2A3_MaP
b,7p3k,1bb6183e825f,2A3_MaP
b,7p3k,612d37ac805e,2A3_MaP
b,7p3k,fe163ebe90d9,2A3_MaP
b,7p3k,a8b755a12f2a,2A3_MaP
b,7p3k,be6742aeefe1,2A3_MaP
b,7p3k,1c2fe91af441,2A3_MaP
b,7p3k,53f1b3f8736c,DMS_MaP
b,7p3k,d8565284f156,DMS_MaP
b,7p3k,a005751a1f79,DMS_MaP
b,7p3k,bf893c8eb034,DMS_MaP
b,7p3k,f2d4663ea58e,DMS_MaP
b,7p3k,cc20c8a039c6,DMS_MaP
b,7p3k,7b0682e4dacd,DMS_MaP
b,7p3k,81607ee360b3,DMS_MaP
b,7p3k,2aa2a1c76efa,DMS_MaP
b,7p3k,addeac310a42,DMS_MaP
b,7p3k,265808f34479,DMS_MaP
b,7p3k,c70f3925ce7f,DMS_MaP
b,7p3k,97c53c38b67e,DMS_MaP
b,7p3k,7db9cf3f110c,DMS_MaP
b,7p3k,fd6487f26adb,DMS_MaP
b,7p3k,b9a66ad6d451,DMS_MaP
b,7p3k,20af8b845b06,DMS_MaP
b,7p3k,a934fe42ebc3,DMS_MaP
b,7p3k,1bb6183e825f,DMS_MaP
b,7p3k,612d37ac805e,DMS_MaP
b,7p3k,fe163ebe90d9,DMS_MaP
b,7p3k,a8b755a12f2a,DMS_MaP
b,7p3k,be6742aeefe1,DMS_MaP
b,7p3k,1c2fe91af441,DMS_MaP
B,5l3p,e7d4a109bf6e,2A3_MaP
B,5l3p,889a28941fba,2A3_MaP
B,5l3p,e7d4a109bf6e,DMS_MaP
B,5l3p,889a28941fba,DMS_MaP
B,5l3p,53f1b3f8736c,2A3_MaP
B,5l3p,d8565284f156,2A3_MaP
B,5l3p,a005751a1f79,2A3_MaP
B,5l3p,bf893c8eb034,2A3_MaP
B,5l3p,f2d4663ea58e,2A3_MaP
B,5l3p,cc20c8a039c6,2A3_MaP
B,5l3p,7b0682e4dacd,2A3_MaP
B,5l3p,81607ee360b3,2A3_MaP
B,5l3p,2aa2a1c76efa,2A3_MaP
B,5l3p,265808f34479,2A3_MaP
B,5l3p,c70f3925ce7f,2A3_MaP
B,5l3p,7db9cf3f110c,2A3_MaP
B,5l3p,b9a66ad6d451,2A3_MaP
B,5l3p,20af8b845b06,2A3_MaP
B,5l3p,1bb6183e825f,2A3_MaP
B,5l3p,fe163ebe90d9,2A3_MaP
B,5l3p,a8b755a12f2a,2A3_MaP
B,5l3p,be6742aeefe1,2A3_MaP
B,5l3p,1c2fe91af441,2A3_MaP
B,5l3p,53f1b3f8736c,DMS_MaP
B,5l3p,d8565284f156,DMS_MaP
B,5l3p,a005751a1f79,DMS_MaP
B,5l3p,bf893c8eb034,DMS_MaP
B,5l3p,f2d4663ea58e,DMS_MaP
B,5l3p,cc20c8a039c6,DMS_MaP
B,5l3p,7b0682e4dacd,DMS_MaP
B,5l3p,81607ee360b3,DMS_MaP
B,5l3p,2aa2a1c76efa,DMS_MaP
B,5l3p,265808f34479,DMS_MaP
B,5l3p,c70f3925ce7f,DMS_MaP
B,5l3p,7db9cf3f110c,DMS_MaP
B,5l3p,b9a66ad6d451,DMS_MaP
B,5l3p,20af8b845b06,DMS_MaP
B,5l3p,1bb6183e825f,DMS_MaP
B,5l3p,fe163ebe90d9,DMS_MaP
B,5l3p,a8b755a12f2a,DMS_MaP
B,5l3p,be6742aeefe1,DMS_MaP
B,5l3p,1c2fe91af441,DMS_MaP
B,8g7p,e7d4a109bf6e,2A3_MaP
B,8g7p,889a28941fba,2A3_MaP
B,8g7p,e7d4a109bf6e,DMS_MaP
B,8g7p,889a28941fba,DMS_MaP
B,8g7p,53f1b3f8736c,2A3_MaP
B,8g7p,d8565284f156,2A3_MaP
B,8g7p,bf893c8eb034,2A3_MaP
B,8g7p,f2d4663ea58e,2A3_MaP
B,8g7p,81607ee360b3,2A3_MaP
B,8g7p,addeac310a42,2A3_MaP
B,8g7p,265808f34479,2A3_MaP
B,8g7p,c70f3925ce7f,2A3_MaP
B,8g7p,97c53c38b67e,2A3_MaP
B,8g7p,7db9cf3f110c,2A3_MaP
B,8g7p,b9a66ad6d451,2A3_MaP
B,8g7p,20af8b845b06,2A3_MaP
B,8g7p,a934fe42ebc3,2A3_MaP
B,8g7p,1bb6183e825f,2A3_MaP
B,8g7p,612d37ac805e,2A3_MaP
B,8g7p,fe163ebe90d9,2A3_MaP
B,8g7p,be6742aeefe1,2A3_MaP
B,8g7p,1c2fe91af441,2A3_MaP
B,8g7p,53f1b3f8736c,DMS_MaP
B,8g7p,d8565284f156,DMS_MaP
B,8g7p,bf893c8eb034,DMS_MaP
B,8g7p,f2d4663ea58e,DMS_MaP
B,8g7p,81607ee360b3,DMS_MaP
B,8g7p,addeac310a42,DMS_MaP
B,8g7p,265808f34479,DMS_MaP
B,8g7p,c70f3925ce7f,DMS_MaP
B,8g7p,97c53c38b67e,DMS_MaP
B,8g7p,7db9cf3f110c,DMS_MaP
B,8g7p,b9a66ad6d451,DMS_MaP
B,8g7p,20af8b845b06,DMS_MaP
B,8g7p,a934fe42ebc3,DMS_MaP
B,8g7p,1bb6183e825f,DMS_MaP
B,8g7p,612d37ac805e,DMS_MaP
B,8g7p,fe163ebe90d9,DMS_MaP
B,8g7p,be6742aeefe1,DMS_MaP
B,8g7p,1c2fe91af441,DMS_MaP
A,3moj,518f20b2e54c,2A3_MaP
A,3moj,fe29c53b6c26,2A3_MaP
A,3moj,f8e07c0104fe,2A3_MaP
A,3moj,b8e74955db68,2A3_MaP
A,3moj,518f20b2e54c,DMS_MaP
A,3moj,14ac645af576,DMS_MaP
A,3moj,fe29c53b6c26,DMS_MaP
A,3moj,f8e07c0104fe,DMS_MaP
A,3moj,1da15e1cb981,DMS_MaP
A,3moj,b8e74955db68,DMS_MaP
A,3moj,c305370c2057,2A3_MaP
A,3moj,8df2a565ecc7,2A3_MaP
A,3moj,d561b2844f57,2A3_MaP
A,3moj,5a6e4bebf377,2A3_MaP
A,3moj,ce05f0d8d162,2A3_MaP
A,3moj,e974239296f6,2A3_MaP
A,3moj,e889ca5c8268,2A3_MaP
A,3moj,c305370c2057,DMS_MaP
A,3moj,8df2a565ecc7,DMS_MaP
A,3moj,d561b2844f57,DMS_MaP
A,3moj,5a6e4bebf377,DMS_MaP
A,3moj,ce05f0d8d162,DMS_MaP
A,3moj,e974239296f6,DMS_MaP
A,3moj,b733c0ff3cf9,DMS_MaP
A,3moj,f569938c1c1c,2A3_MaP
A,3moj,929ee7b5cb6c,2A3_MaP
A,3moj,f569938c1c1c,DMS_MaP
A,3moj,929ee7b5cb6c,DMS_MaP
A,1fir,93bd4af4b9ec,2A3_MaP
A,1fir,b429df4c0448,2A3_MaP
A,1fir,c87fb123cdd6,2A3_MaP
A,1fir,842d3501ff2b,2A3_MaP
A,1fir,cb267e0b91c2,2A3_MaP
A,1fir,3d0b457def19,2A3_MaP
A,1fir,b429df4c0448,DMS_MaP
A,1fir,842d3501ff2b,DMS_MaP
A,1fir,3d0b457def19,DMS_MaP
A,1fir,667d3555bdb6,2A3_MaP
A,1fir,ea3f43f0efcc,2A3_MaP
A,1fir,67153232cb2a,2A3_MaP
A,1fir,8ba154a362b7,2A3_MaP
A,1fir,667d3555bdb6,DMS_MaP
A,1fir,ea3f43f0efcc,DMS_MaP
A,1fir,67153232cb2a,DMS_MaP
A,1fir,8ba154a362b7,DMS_MaP
N,5ccb,93bd4af4b9ec,2A3_MaP
N,5ccb,b429df4c0448,2A3_MaP
N,5ccb,c87fb123cdd6,2A3_MaP
N,5ccb,842d3501ff2b,2A3_MaP
N,5ccb,cb267e0b91c2,2A3_MaP
N,5ccb,3d0b457def19,2A3_MaP
N,5ccb,b429df4c0448,DMS_MaP
N,5ccb,842d3501ff2b,DMS_MaP
N,5ccb,3d0b457def19,DMS_MaP
N,5ccb,667d3555bdb6,2A3_MaP
N,5ccb,ea3f43f0efcc,2A3_MaP
N,5ccb,67153232cb2a,2A3_MaP
N,5ccb,8ba154a362b7,2A3_MaP
N,5ccb,667d3555bdb6,DMS_MaP
N,5ccb,ea3f43f0efcc,DMS_MaP
N,5ccb,67153232cb2a,DMS_MaP
N,5ccb,8ba154a362b7,DMS_MaP
33,7nwg,93bd4af4b9ec,2A3_MaP
33,7nwg,b429df4c0448,2A3_MaP
33,7nwg,c87fb123cdd6,2A3_MaP
33,7nwg,842d3501ff2b,2A3_MaP
33,7nwg,cb267e0b91c2,2A3_MaP
33,7nwg,3d0b457def19,2A3_MaP
33,7nwg,b429df4c0448,DMS_MaP
33,7nwg,842d3501ff2b,DMS_MaP
33,7nwg,3d0b457def19,DMS_MaP
33,7nwg,ea3f43f0efcc,2A3_MaP
33,7nwg,67153232cb2a,2A3_MaP
33,7nwg,8ba154a362b7,2A3_MaP
33,7nwg,ea3f43f0efcc,DMS_MaP
33,7nwg,67153232cb2a,DMS_MaP
33,7nwg,8ba154a362b7,DMS_MaP
A,4enc,5b70b3a5109f,2A3_MaP
A,4enc,de7c55e8b63f,2A3_MaP
A,4enc,5b70b3a5109f,DMS_MaP
A,4enc,118d897a4393,2A3_MaP
A,4enc,44aa5555c793,2A3_MaP
A,4enc,706ed544e00c,DMS_MaP
A,4enc,118d897a4393,DMS_MaP
A,4enc,c2af5e23030b,DMS_MaP
A,4enc,45eb1af9eb27,DMS_MaP
A,4enc,82a59a7391d7,DMS_MaP
A,4enc,e1d6ec182d3c,DMS_MaP
A,4enc,44aa5555c793,DMS_MaP
A,4enc,084e2a8413e3,2A3_MaP
A,4enc,084e2a8413e3,DMS_MaP
A,2a43,f524536969cc,2A3_MaP
A,2a43,ce8d5b1ae959,2A3_MaP
A,2a43,b529d9be5d1d,2A3_MaP
A,2a43,6f436a817ead,2A3_MaP
A,2a43,9d38cf869d12,2A3_MaP
A,2a43,6f95bf31fa83,2A3_MaP
A,2a43,f524536969cc,DMS_MaP
A,2a43,ce8d5b1ae959,DMS_MaP
A,2a43,b529d9be5d1d,DMS_MaP
A,2a43,6f436a817ead,DMS_MaP
A,2a43,9d38cf869d12,DMS_MaP
A,2a43,6f95bf31fa83,DMS_MaP
B,4lck,fbdfc02c93ad,2A3_MaP
B,4lck,fbdfc02c93ad,DMS_MaP
B,4lck,019143c67225,2A3_MaP
B,4lck,9909bea61f3a,2A3_MaP
B,4lck,ca6c7e9bc0b5,2A3_MaP
B,4lck,019143c67225,DMS_MaP
B,4lck,9909bea61f3a,DMS_MaP
B,4lck,ca6c7e9bc0b5,DMS_MaP
E,7yse,fbdfc02c93ad,2A3_MaP
E,7yse,fbdfc02c93ad,DMS_MaP
E,7yse,019143c67225,2A3_MaP
E,7yse,9909bea61f3a,2A3_MaP
E,7yse,ca6c7e9bc0b5,2A3_MaP
E,7yse,019143c67225,DMS_MaP
E,7yse,9909bea61f3a,DMS_MaP
E,7yse,ca6c7e9bc0b5,DMS_MaP
B,4rmo,955662e8e99b,2A3_MaP
B,4rmo,e1fe8461502c,DMS_MaP
B,4rmo,955662e8e99b,DMS_MaP
B,4rmo,a86061fe0341,DMS_MaP
B,4rmo,4819b34e7ba1,DMS_MaP
B,4rmo,e9bda62dc883,DMS_MaP
B,4rmo,e35a9073da80,2A3_MaP
B,4rmo,e35a9073da80,DMS_MaP
A,6yl5,357376c577ae,2A3_MaP
A,6yl5,3ed28320ae3e,2A3_MaP
A,6yl5,0963dca442a6,2A3_MaP
A,6yl5,7a73d1afce5c,2A3_MaP
A,6yl5,357376c577ae,DMS_MaP
A,6yl5,3ed28320ae3e,DMS_MaP
A,6yl5,0963dca442a6,DMS_MaP
A,6yl5,7a73d1afce5c,DMS_MaP
W2,8b2l,54c2984ecb04,2A3_MaP
W2,8b2l,00f27aca4a09,2A3_MaP
W2,8b2l,8a851b4fa9ff,2A3_MaP
W2,8b2l,75d6ce5fe607,2A3_MaP
W2,8b2l,54c2984ecb04,DMS_MaP
W2,8b2l,00f27aca4a09,DMS_MaP
W2,8b2l,8a851b4fa9ff,DMS_MaP
W2,8b2l,75d6ce5fe607,DMS_MaP
R,5vt0,cb47b9033661,2A3_MaP
R,5vt0,0fd1c4b3c14b,2A3_MaP
R,5vt0,77fd359e67f2,2A3_MaP
R,5vt0,cb47b9033661,DMS_MaP
R,5vt0,0fd1c4b3c14b,DMS_MaP
R,5vt0,77fd359e67f2,DMS_MaP
D,6xh2,eac590cd9a8a,2A3_MaP
D,6xh2,bf057e92d0ce,2A3_MaP
D,6xh2,79632446770b,2A3_MaP
D,6xh2,eac590cd9a8a,DMS_MaP
D,6xh2,bf057e92d0ce,DMS_MaP
D,6xh2,79632446770b,DMS_MaP
A,3t4b,8843d39ec9e4,2A3_MaP
A,3t4b,5cf19485468c,2A3_MaP
A,3t4b,bc7f75086162,2A3_MaP
A,3t4b,8843d39ec9e4,DMS_MaP
A,3t4b,5cf19485468c,DMS_MaP
A,3t4b,bc7f75086162,DMS_MaP
A,7mrl,667d3555bdb6,2A3_MaP
A,7mrl,ea3f43f0efcc,2A3_MaP
A,7mrl,8ba154a362b7,2A3_MaP
A,7mrl,667d3555bdb6,DMS_MaP
A,7mrl,ea3f43f0efcc,DMS_MaP
A,7mrl,8ba154a362b7,DMS_MaP
C,5hr6,b693efd89f7c,2A3_MaP
C,5hr6,89ce9bfaed13,2A3_MaP
C,5hr6,b693efd89f7c,DMS_MaP
C,5hr6,d2e492531141,DMS_MaP
C,5hr6,89ce9bfaed13,DMS_MaP
3,6yal,7f0373bac63f,2A3_MaP
3,6yal,10a36c53edc3,2A3_MaP
3,6yal,08b11d962b5b,2A3_MaP
3,6yal,7f0373bac63f,DMS_MaP
3,6yal,10a36c53edc3,DMS_MaP
B,8cd1,2c543fe2b572,2A3_MaP
B,8cd1,a50de230a7d2,2A3_MaP
B,8cd1,2c543fe2b572,DMS_MaP
B,8cd1,a50de230a7d2,DMS_MaP
A,3d2v,cfc7b41e01c7,2A3_MaP
A,3d2v,77c0988210f5,2A3_MaP
A,3d2v,cfc7b41e01c7,DMS_MaP
A,3d2v,77c0988210f5,DMS_MaP
A,1et4,c88c839e1ba6,2A3_MaP
A,1et4,b42bb180db1c,2A3_MaP
A,1et4,c88c839e1ba6,DMS_MaP
A,1et4,b42bb180db1c,DMS_MaP
A,1zci,df5f9732a5f4,2A3_MaP
A,1zci,4b59840ee4f9,2A3_MaP
A,1zci,df5f9732a5f4,DMS_MaP
A,1zci,4b59840ee4f9,DMS_MaP
A,1duh,221155dbb5e3,2A3_MaP
A,1duh,6e6d527299a9,2A3_MaP
A,1duh,221155dbb5e3,DMS_MaP
A,1duh,6e6d527299a9,DMS_MaP
B,3lqx,221155dbb5e3,2A3_MaP
B,3lqx,6e6d527299a9,2A3_MaP
B,3lqx,221155dbb5e3,DMS_MaP
B,3lqx,6e6d527299a9,DMS_MaP
C,7qr3,5ff5bb3d1a17,2A3_MaP
C,7qr3,eaa02fc6f54f,2A3_MaP
C,7qr3,5ff5bb3d1a17,DMS_MaP
C,7qr3,eaa02fc6f54f,DMS_MaP
B,7qr4,5ff5bb3d1a17,2A3_MaP
B,7qr4,eaa02fc6f54f,2A3_MaP
B,7qr4,5ff5bb3d1a17,DMS_MaP
B,7qr4,eaa02fc6f54f,DMS_MaP
C,2der,89ce9bfaed13,2A3_MaP
C,2der,d2e492531141,DMS_MaP
C,2der,89ce9bfaed13,DMS_MaP
C,5hr7,89ce9bfaed13,2A3_MaP
C,5hr7,d2e492531141,DMS_MaP
C,5hr7,89ce9bfaed13,DMS_MaP
7,6q9a,e9e39377e9ac,2A3_MaP
7,6q9a,68034b89c93e,DMS_MaP
7,6q9a,e9e39377e9ac,DMS_MaP
A,1mfq,6aff1f099a0d,2A3_MaP
A,1mfq,6aff1f099a0d,DMS_MaP
A,1mfq,c50bb803f9e7,DMS_MaP
X,3sux,1bd686c4422a,2A3_MaP
X,3sux,612001969f45,2A3_MaP
X,3sux,612001969f45,DMS_MaP
A,3wfs,26ff4927412a,2A3_MaP
A,3wfs,26ff4927412a,DMS_MaP
U,7o5b,8ee922dfa431,DMS_MaP
U,7o5b,5dcb080f3238,2A3_MaP
5A,8h6l,becb93faaef2,2A3_MaP
5A,8h6l,becb93faaef2,DMS_MaP
A,8k2z,a027fd591de0,2A3_MaP
A,8k2z,a027fd591de0,DMS_MaP
B,9dtt,147caad76b1a,2A3_MaP
B,9dtt,147caad76b1a,DMS_MaP
C,3gs5,0905180a7015,2A3_MaP
C,3gs5,0905180a7015,DMS_MaP
A,4p5j,25cb16f3e1b7,2A3_MaP
A,4p5j,25cb16f3e1b7,DMS_MaP
A,4xwf,36e8b4a3ecf1,2A3_MaP
A,4xwf,36e8b4a3ecf1,DMS_MaP
A,387d,d5e9c4698f0b,2A3_MaP
A,387d,d5e9c4698f0b,DMS_MaP
A,7vft,f25a805529ec,2A3_MaP
A,7vft,f25a805529ec,DMS_MaP
A,5mwi,cc1dd8ea408f,2A3_MaP
A,5mwi,cc1dd8ea408f,DMS_MaP
B,6e8u,03e47b41b758,2A3_MaP
B,6e8u,03e47b41b758,DMS_MaP
AV,4v83,9cb563c06acd,2A3_MaP
AV,4v83,9cb563c06acd,DMS_MaP
AIRE,4xej,9cb563c06acd,2A3_MaP
AIRE,4xej,9cb563c06acd,DMS_MaP
A,5btp,b0a98413a846,2A3_MaP
A,5btp,b0a98413a846,DMS_MaP
A,7kga,7f149a57c8ef,2A3_MaP
A,7kga,7f149a57c8ef,DMS_MaP
A,1kh6,bab8b0ae041f,2A3_MaP
A,1kh6,bab8b0ae041f,DMS_MaP
CB,6zmo,b253cc06fec6,2A3_MaP
CB,6zmo,b253cc06fec6,DMS_MaP
B,3egz,441af7f7407f,2A3_MaP
B,3egz,441af7f7407f,DMS_MaP
A,4znp,55cf77e8af14,2A3_MaP
A,4znp,55cf77e8af14,DMS_MaP
9,7b5k,68034b89c93e,DMS_MaP
A,7eqj,68034b89c93e,DMS_MaP
A,3rg5,c8de0b7ba023,DMS_MaP
F,7zjw,c8de0b7ba023,DMS_MaP
4,6vwl,3645f8577119,DMS_MaP
z,7ot5,9bca83309045,DMS_MaP
